Workbook

Sheet TODAY
B2: CHIP EXCHANGE
B4: Date | C4: =round(now(),0)-0.5-2 -> 46115.5 | E4: Status
B5: Start | C5: =IFERROR(__xludf.DUMMYFUNCTION("if(max(FORM!A2:A1891)>=C4,MIN(filter(FORM!A2:A1891,FORM!A2:A1891>C4)),"""")"),"") | E5: =if(B15-D15=0,"จบเกมส์","กำลังเล่น") -> จบเกมส์
B6: End | C6: =IFERROR(__xludf.DUMMYFUNCTION("MAX(filter(FORM!A2:A1891,FORM!A2:A1891<(C4+1),FORM!C2:C1891=""Return""))"),46103.179210891205) -> 46103.179
B8: PLAYER | C8: =IFERROR(__xludf.DUMMYFUNCTION("transpose(unique(filter(FORM!B2:B1891,FORM!A2:A1891>C4)))"),"#N/A") -> #N/A
B9: Buy | C9: =sumifs(FORM!$D$2:$D1891,FORM!$C$2:$C1891,$B9,FORM!$B$2:$B1891,C$8,FORM!$A$2:$A1891,">="&$C$5,FORM!$A$2:$A1891,"<="&$C$5+1) -> 0 | D9: =sumifs(FORM!$D$2:$D1891,FORM!$C$2:$C1891,$B9,FORM!$B$2:$B1891,D$8,FORM!$A$2:$A1891,">="&$C$5,FORM!$A$2:$A1891,"<="&$C$5+1) -> 0 | E9: =sumifs(FORM!$D$2:$D1891,FORM!$C$2:$C1891,$B9,FORM!$B$2:$B1891,E$8,FORM!$A$2:$A1891,">="&$C$5,FORM!$A$2:$A1891,"<="&$C$5+1) -> 0 | F9: =sumifs(FORM!$D$2:$D1891,FORM!$C$2:$C1891,$B9,FORM!$B$2:$B1891,F$8,FORM!$A$2:$A1891,">="&$C$5,FORM!$A$2:$A1891,"<="&$C$5+1) -> 0 | G9: =sumifs(FORM!$D$2:$D1891,FORM!$C$2:$C1891,$B9,FORM!$B$2:$B1891,G$8,FORM!$A$2:$A1891,">="&$C$5,FORM!$A$2:$A1891,"<="&$C$5+1) -> 0 | H9: =sumifs(FORM!$D$2:$D1891,FORM!$C$2:$C1891,$B9,FORM!$B$2:$B1891,H$8,FORM!$A$2:$A1891,">="&$C$5,FORM!$A$2:$A1891,"<="&$C$5+1) -> 0 | I9: =sumifs(FORM!$D$2:$D1891,FORM!$C$2:$C1891,$B9,FORM!$B$2:$B1891,I$8,FORM!$A$2:$A1891,">="&$C$5,FORM!$A$2:$A1891,"<="&$C$5+1) -> 0 | J9: =sumifs(FORM!$D$2:$D1891,FORM!$C$2:$C1891,$B9,FORM!$B$2:$B1891,J$8,FORM!$A$2:$A1891,">="&$C$5,FORM!$A$2:$A1891,"<="&$C$5+1) -> 0 | ... L9: =sumifs(FORM!$D$2:$D1891,FORM!$C$2:$C1891,$B9,FORM!$B$2:$B1891,L$8,FORM!$A$2:$A1891,">="&$C$5,FORM!$A$2:$A1891,"<="&$C$5+1) -> 0
B10: Return | C10: =sumifs(FORM!$D$2:$D1891,FORM!$C$2:$C1891,$B10,FORM!$B$2:$B1891,C$8,FORM!$A$2:$A1891,">="&$C$5,FORM!$A$2:$A1891,"<="&$C$5+1) -> 0 | D10: =sumifs(FORM!$D$2:$D1891,FORM!$C$2:$C1891,$B10,FORM!$B$2:$B1891,D$8,FORM!$A$2:$A1891,">="&$C$5,FORM!$A$2:$A1891,"<="&$C$5+1) -> 0 | E10: =sumifs(FORM!$D$2:$D1891,FORM!$C$2:$C1891,$B10,FORM!$B$2:$B1891,E$8,FORM!$A$2:$A1891,">="&$C$5,FORM!$A$2:$A1891,"<="&$C$5+1) -> 0 | F10: =sumifs(FORM!$D$2:$D1891,FORM!$C$2:$C1891,$B10,FORM!$B$2:$B1891,F$8,FORM!$A$2:$A1891,">="&$C$5,FORM!$A$2:$A1891,"<="&$C$5+1) -> 0 | G10: =sumifs(FORM!$D$2:$D1891,FORM!$C$2:$C1891,$B10,FORM!$B$2:$B1891,G$8,FORM!$A$2:$A1891,">="&$C$5,FORM!$A$2:$A1891,"<="&$C$5+1) -> 0 | H10: =sumifs(FORM!$D$2:$D1891,FORM!$C$2:$C1891,$B10,FORM!$B$2:$B1891,H$8,FORM!$A$2:$A1891,">="&$C$5,FORM!$A$2:$A1891,"<="&$C$5+1) -> 0 | I10: =sumifs(FORM!$D$2:$D1891,FORM!$C$2:$C1891,$B10,FORM!$B$2:$B1891,I$8,FORM!$A$2:$A1891,">="&$C$5,FORM!$A$2:$A1891,"<="&$C$5+1) -> 0 | J10: =sumifs(FORM!$D$2:$D1891,FORM!$C$2:$C1891,$B10,FORM!$B$2:$B1891,J$8,FORM!$A$2:$A1891,">="&$C$5,FORM!$A$2:$A1891,"<="&$C$5+1) -> 0 | ... L10: =sumifs(FORM!$D$2:$D1891,FORM!$C$2:$C1891,$B10,FORM!$B$2:$B1891,L$8,FORM!$A$2:$A1891,">="&$C$5,FORM!$A$2:$A1891,"<="&$C$5+1) -> 0
B11: Balance | C11: =C10-C9 -> 0 | D11: =D10-D9 -> 0 | E11: =E10-E9 -> 0 | F11: =F10-F9 -> 0 | G11: =G10-G9 -> 0 | H11: =H10-H9 -> 0 | I11: =I10-I9 -> 0 | J11: =J10-J9 -> 0 | ... L11: =L10-L9 -> 0
B14: Total Buy | D14: Total Return
B15: =sum(C9:KG9) -> 0 | D15: =sum(C10:KG10) -> 0

Sheet FORM
A1: ประทับเวลา | B1: NAME | C1: TYPE | D1: AMOUNT (THB)
A2: 44835.852 | B2: Add | C2: Buy | D2: 200
A3: 44835.852 | B3: Max | C3: Buy | D3: 300
A4: 44835.852 | B4: Nuch | C4: Buy | D4: 200
A5: 44835.852 | B5: Champ | C5: Buy | D5: 200
A6: 44835.852 | B6: Tle | C6: Buy | D6: 200
A7: 44835.852 | B7: Fah | C7: Buy | D7: 200
A8: 44835.852 | B8: Wut | C8: Buy | D8: 200
A9: 44835.862 | B9: Max | C9: Buy | D9: 100
A10: 44835.862 | B10: Tle | C10: Buy | D10: 300
A11: 44835.87 | B11: Tle | C11: Buy | D11: 500
A12: 44835.893 | B12: Fah | C12: Buy | D12: 200
A13: 44835.896 | B13: Champ | C13: Buy | D13: 200
... A1365: 45241.114 | B1365: Petch | C1365: Buy | D1365: 100
A1366: 45241.15 | B1366: Petch | C1366: Return | D1366: 325 | I1366: {=if(F1366:F3194="","",G1366:G3194-H1366:H3194)}
A1367: 45241.168 | B1367: Tle | C1367: Buy | D1367: 500
A1368: 45241.262 | B1368: Add | C1368: Return | D1368: 204
A1369: 45241.263 | B1369: Aof | C1369: Return | D1369: 1125
A1370: 45241.263 | B1370: Wut | C1370: Return | D1370: 1080
A1371: 45241.264 | B1371: Tle | C1371: Return | D1371: 876
A1372: 45241.264 | B1372: Fah | C1372: Return | D1372: 103
A1373: 45248.865 | B1373: Add | C1373: Buy | D1373: 1000
A1374: 45248.865 | B1374: Max | C1374: Buy | D1374: 1000
A1375: 45248.865 | B1375: Petch | C1375: Buy | D1375: 1000
A1376: 45248.865 | B1376: Wut | C1376: Buy | D1376: 1000
A1377: 45248.894 | B1377: Wut | C1377: Buy | D1377: 1000
A1378: 45248.927 | B1378: Add | C1378: Return | D1378: 500
... A2582: 45626.251 | B2582: Aof | C2582: Return | D2582: 16240
A2583: =E2583-1 -> 45632.849 | B2583: Add | C2583: Buy | D2583: 2000 | E2583: 45633.849
A2584: =E2584-1 -> 45632.849 | B2584: Wut | C2584: Buy | D2584: 2000 | E2584: 45633.849
A2585: =E2585-1 -> 45632.849 | B2585: Petch | C2585: Buy | D2585: 2000 | E2585: 45633.849
A2586: =E2586-1 -> 45632.85 | B2586: Max | C2586: Buy | D2586: 2000 | E2586: 45633.85
A2587: =E2587-1 -> 45632.85 | B2587: Nuch | C2587: Buy | D2587: 2000 | E2587: 45633.85
A2588: =E2588-1 -> 45632.85 | B2588: Tee | C2588: Buy | D2588: 2000 | E2588: 45633.85
A2589: =E2589-1 -> 45632.859 | B2589: Wut | C2589: Buy | D2589: 2000 | E2589: 45633.859
A2590: =E2590-1 -> 45632.859 | B2590: Max | C2590: Buy | D2590: 2000 | E2590: 45633.859
A2591: =E2591-1 -> 45632.864 | B2591: Max | C2591: Buy | D2591: 3000 | E2591: 45633.864
A2592: =E2592-1 -> 45632.868 | B2592: Wut | C2592: Buy | D2592: 3000 | E2592: 45633.868
A2593: =E2593-1 -> 45632.89 | B2593: Wut | C2593: Buy | D2593: 3000 | E2593: 45633.89
A2594: =E2594-1 -> 45632.924 | B2594: Wut | C2594: Buy | D2594: 3000 | E2594: 45633.924
... A2604: =E2604-1 -> 45632.974 | B2604: Tee | C2604: Return | D2604: 12070 | E2604: 45633.974
A2605: 45633.981 | B2605: Add | C2605: Buy | D2605: 2000
A2606: 45633.981 | B2606: Wut | C2606: Buy | D2606: 3000
A2607: 45633.982 | B2607: Petch | C2607: Buy | D2607: 2000
A2608: 45633.982 | B2608: Tle | C2608: Buy | D2608: 2000
A2609: 45633.982 | B2609: Aof | C2609: Buy | D2609: 4000
A2610: 45633.982 | B2610: Tee | C2610: Buy | D2610: 2400
A2611: 45633.995 | B2611: Tle | C2611: Buy | D2611: 2000
A2612: 45634.005 | B2612: Tee | C2612: Buy | D2612: 4000
A2613: 45634.045 | B2613: Wut | C2613: Buy | D2613: 3000
A2614: 45634.059 | B2614: Petch | C2614: Return | D2614: 3590
A2615: 45634.059 | B2615: Add | C2615: Buy | D2615: 2000
A2616: 45634.066 | B2616: Wut | C2616: Buy | D2616: 4000
... A3001: 46103.179 | B3001: Boss | C3001: Buy | D3001: 250

Sheet DAILY
B2: DATE | C2: Rate (1:X) | D2: {=transpose(unique(FORM!B2:B459))} -> Add | E2: Max | F2: Nuch | G2: Champ | H2: Tle | I2: Fah | J2: Wut | K2: Parn | L2: Game | M2: Aof | N2: Top | O2: Guest | P2: Petch | Q2: Foam | R2: เหน่ง | S2: Tee | T2: Dream | U2: Boss
B3: {=unique(ROUND(FORM!A2:A3190,0)-1)} -> 44835 | C3: 10 | D3: =sumifs(FORM!$D$2:$D459,FORM!$C$2:$C459,TODAY!$B$10,FORM!$B$2:$B459,D$2,FORM!$A$2:$A459,">"&$B3+0.5,FORM!$A$2:$A459,"<"&$B3+1.5)-sumifs(FORM!$D$2:$D459,FORM!$C$2:$C459,TODAY!$B$9,FORM!$B$2:$B459,D$2,FORM!$A$2:$A459,">"&$B3+0.5,FORM!$A$2:$A459,"<"&$B3+1.5) -> 540 | E3: =sumifs(FORM!$D$2:$D459,FORM!$C$2:$C459,TODAY!$B$10,FORM!$B$2:$B459,E$2,FORM!$A$2:$A459,">"&$B3+0.5,FORM!$A$2:$A459,"<"&$B3+1.5)-sumifs(FORM!$D$2:$D459,FORM!$C$2:$C459,TODAY!$B$9,FORM!$B$2:$B459,E$2,FORM!$A$2:$A459,">"&$B3+0.5,FORM!$A$2:$A459,"<"&$B3+1.5) -> -600 | F3: =sumifs(FORM!$D$2:$D459,FORM!$C$2:$C459,TODAY!$B$10,FORM!$B$2:$B459,F$2,FORM!$A$2:$A459,">"&$B3+0.5,FORM!$A$2:$A459,"<"&$B3+1.5)-sumifs(FORM!$D$2:$D459,FORM!$C$2:$C459,TODAY!$B$9,FORM!$B$2:$B459,F$2,FORM!$A$2:$A459,">"&$B3+0.5,FORM!$A$2:$A459,"<"&$B3+1.5) -> 407 | G3: =sumifs(FORM!$D$2:$D459,FORM!$C$2:$C459,TODAY!$B$10,FORM!$B$2:$B459,G$2,FORM!$A$2:$A459,">"&$B3+0.5,FORM!$A$2:$A459,"<"&$B3+1.5)-sumifs(FORM!$D$2:$D459,FORM!$C$2:$C459,TODAY!$B$9,FORM!$B$2:$B459,G$2,FORM!$A$2:$A459,">"&$B3+0.5,FORM!$A$2:$A459,"<"&$B3+1.5) -> -1059 | H3: =sumifs(FORM!$D$2:$D459,FORM!$C$2:$C459,TODAY!$B$10,FORM!$B$2:$B459,H$2,FORM!$A$2:$A459,">"&$B3+0.5,FORM!$A$2:$A459,"<"&$B3+1.5)-sumifs(FORM!$D$2:$D459,FORM!$C$2:$C459,TODAY!$B$9,FORM!$B$2:$B459,H$2,FORM!$A$2:$A459,">"&$B3+0.5,FORM!$A$2:$A459,"<"&$B3+1.5) -> -579 | I3: =sumifs(FORM!$D$2:$D459,FORM!$C$2:$C459,TODAY!$B$10,FORM!$B$2:$B459,I$2,FORM!$A$2:$A459,">"&$B3+0.5,FORM!$A$2:$A459,"<"&$B3+1.5)-sumifs(FORM!$D$2:$D459,FORM!$C$2:$C459,TODAY!$B$9,FORM!$B$2:$B459,I$2,FORM!$A$2:$A459,">"&$B3+0.5,FORM!$A$2:$A459,"<"&$B3+1.5) -> 824 | J3: =sumifs(FORM!$D$2:$D459,FORM!$C$2:$C459,TODAY!$B$10,FORM!$B$2:$B459,J$2,FORM!$A$2:$A459,">"&$B3+0.5,FORM!$A$2:$A459,"<"&$B3+1.5)-sumifs(FORM!$D$2:$D459,FORM!$C$2:$C459,TODAY!$B$9,FORM!$B$2:$B459,J$2,FORM!$A$2:$A459,">"&$B3+0.5,FORM!$A$2:$A459,"<"&$B3+1.5) -> 467 | K3: =sumifs(FORM!$D$2:$D459,FORM!$C$2:$C459,TODAY!$B$10,FORM!$B$2:$B459,K$2,FORM!$A$2:$A459,">"&$B3+0.5,FORM!$A$2:$A459,"<"&$B3+1.5)-sumifs(FORM!$D$2:$D459,FORM!$C$2:$C459,TODAY!$B$9,FORM!$B$2:$B459,K$2,FORM!$A$2:$A459,">"&$B3+0.5,FORM!$A$2:$A459,"<"&$B3+1.5) -> 0 | ... P3: =sumifs(FORM!$D$2:$D459,FORM!$C$2:$C459,TODAY!$B$10,FORM!$B$2:$B459,P$2,FORM!$A$2:$A459,">"&$B3+0.5,FORM!$A$2:$A459,"<"&$B3+1.5)-sumifs(FORM!$D$2:$D459,FORM!$C$2:$C459,TODAY!$B$9,FORM!$B$2:$B459,P$2,FORM!$A$2:$A459,">"&$B3+0.5,FORM!$A$2:$A459,"<"&$B3+1.5) -> 0 | Q3: 0 | R3: 0 | S3: 0 | T3: 0 | U3: =if(or($C3="",U$2=""),"",(sumifs(FORM!$D$2:$D459,FORM!$C$2:$C459,TODAY!$B$10,FORM!$B$2:$B459,U$2,FORM!$A$2:$A459,">"&$B3+0.5,FORM!$A$2:$A459,"<"&$B3+1.5)-sumifs(FORM!$D$2:$D459,FORM!$C$2:$C459,TODAY!$B$9,FORM!$B$2:$B459,U$2,FORM!$A$2:$A459,">"&$B3+0.5,FORM!$A$2:$A459,"<"&$B3+1.5))/$C3) -> 0
B4: 44836 | C4: 10 | D4: =sumifs(FORM!$D$2:$D459,FORM!$C$2:$C459,TODAY!$B$10,FORM!$B$2:$B459,D$2,FORM!$A$2:$A459,">"&$B4+0.5,FORM!$A$2:$A459,"<"&$B4+1.5)-sumifs(FORM!$D$2:$D459,FORM!$C$2:$C459,TODAY!$B$9,FORM!$B$2:$B459,D$2,FORM!$A$2:$A459,">"&$B4+0.5,FORM!$A$2:$A459,"<"&$B4+1.5) -> -700 | E4: =sumifs(FORM!$D$2:$D459,FORM!$C$2:$C459,TODAY!$B$10,FORM!$B$2:$B459,E$2,FORM!$A$2:$A459,">"&$B4+0.5,FORM!$A$2:$A459,"<"&$B4+1.5)-sumifs(FORM!$D$2:$D459,FORM!$C$2:$C459,TODAY!$B$9,FORM!$B$2:$B459,E$2,FORM!$A$2:$A459,">"&$B4+0.5,FORM!$A$2:$A459,"<"&$B4+1.5) -> 106 | F4: =sumifs(FORM!$D$2:$D459,FORM!$C$2:$C459,TODAY!$B$10,FORM!$B$2:$B459,F$2,FORM!$A$2:$A459,">"&$B4+0.5,FORM!$A$2:$A459,"<"&$B4+1.5)-sumifs(FORM!$D$2:$D459,FORM!$C$2:$C459,TODAY!$B$9,FORM!$B$2:$B459,F$2,FORM!$A$2:$A459,">"&$B4+0.5,FORM!$A$2:$A459,"<"&$B4+1.5) -> -80 | G4: =sumifs(FORM!$D$2:$D459,FORM!$C$2:$C459,TODAY!$B$10,FORM!$B$2:$B459,G$2,FORM!$A$2:$A459,">"&$B4+0.5,FORM!$A$2:$A459,"<"&$B4+1.5)-sumifs(FORM!$D$2:$D459,FORM!$C$2:$C459,TODAY!$B$9,FORM!$B$2:$B459,G$2,FORM!$A$2:$A459,">"&$B4+0.5,FORM!$A$2:$A459,"<"&$B4+1.5) -> 64 | H4: =sumifs(FORM!$D$2:$D459,FORM!$C$2:$C459,TODAY!$B$10,FORM!$B$2:$B459,H$2,FORM!$A$2:$A459,">"&$B4+0.5,FORM!$A$2:$A459,"<"&$B4+1.5)-sumifs(FORM!$D$2:$D459,FORM!$C$2:$C459,TODAY!$B$9,FORM!$B$2:$B459,H$2,FORM!$A$2:$A459,">"&$B4+0.5,FORM!$A$2:$A459,"<"&$B4+1.5) -> 607 | I4: =sumifs(FORM!$D$2:$D459,FORM!$C$2:$C459,TODAY!$B$10,FORM!$B$2:$B459,I$2,FORM!$A$2:$A459,">"&$B4+0.5,FORM!$A$2:$A459,"<"&$B4+1.5)-sumifs(FORM!$D$2:$D459,FORM!$C$2:$C459,TODAY!$B$9,FORM!$B$2:$B459,I$2,FORM!$A$2:$A459,">"&$B4+0.5,FORM!$A$2:$A459,"<"&$B4+1.5) -> 91 | J4: =sumifs(FORM!$D$2:$D459,FORM!$C$2:$C459,TODAY!$B$10,FORM!$B$2:$B459,J$2,FORM!$A$2:$A459,">"&$B4+0.5,FORM!$A$2:$A459,"<"&$B4+1.5)-sumifs(FORM!$D$2:$D459,FORM!$C$2:$C459,TODAY!$B$9,FORM!$B$2:$B459,J$2,FORM!$A$2:$A459,">"&$B4+0.5,FORM!$A$2:$A459,"<"&$B4+1.5) -> -88 | K4: =sumifs(FORM!$D$2:$D459,FORM!$C$2:$C459,TODAY!$B$10,FORM!$B$2:$B459,K$2,FORM!$A$2:$A459,">"&$B4+0.5,FORM!$A$2:$A459,"<"&$B4+1.5)-sumifs(FORM!$D$2:$D459,FORM!$C$2:$C459,TODAY!$B$9,FORM!$B$2:$B459,K$2,FORM!$A$2:$A459,">"&$B4+0.5,FORM!$A$2:$A459,"<"&$B4+1.5) -> 0 | ... P4: =sumifs(FORM!$D$2:$D459,FORM!$C$2:$C459,TODAY!$B$10,FORM!$B$2:$B459,P$2,FORM!$A$2:$A459,">"&$B4+0.5,FORM!$A$2:$A459,"<"&$B4+1.5)-sumifs(FORM!$D$2:$D459,FORM!$C$2:$C459,TODAY!$B$9,FORM!$B$2:$B459,P$2,FORM!$A$2:$A459,">"&$B4+0.5,FORM!$A$2:$A459,"<"&$B4+1.5) -> 0 | Q4: 0 | R4: 0 | S4: 0 | T4: 0 | U4: =if(or($C4="",U$2=""),"",(sumifs(FORM!$D$2:$D459,FORM!$C$2:$C459,TODAY!$B$10,FORM!$B$2:$B459,U$2,FORM!$A$2:$A459,">"&$B4+0.5,FORM!$A$2:$A459,"<"&$B4+1.5)-sumifs(FORM!$D$2:$D459,FORM!$C$2:$C459,TODAY!$B$9,FORM!$B$2:$B459,U$2,FORM!$A$2:$A459,">"&$B4+0.5,FORM!$A$2:$A459,"<"&$B4+1.5))/$C4) -> 0
B5: 44837 | C5: 10 | D5: =sumifs(FORM!$D$2:$D459,FORM!$C$2:$C459,TODAY!$B$10,FORM!$B$2:$B459,D$2,FORM!$A$2:$A459,">"&$B5+0.5,FORM!$A$2:$A459,"<"&$B5+1.5)-sumifs(FORM!$D$2:$D459,FORM!$C$2:$C459,TODAY!$B$9,FORM!$B$2:$B459,D$2,FORM!$A$2:$A459,">"&$B5+0.5,FORM!$A$2:$A459,"<"&$B5+1.5) -> 45 | E5: =sumifs(FORM!$D$2:$D459,FORM!$C$2:$C459,TODAY!$B$10,FORM!$B$2:$B459,E$2,FORM!$A$2:$A459,">"&$B5+0.5,FORM!$A$2:$A459,"<"&$B5+1.5)-sumifs(FORM!$D$2:$D459,FORM!$C$2:$C459,TODAY!$B$9,FORM!$B$2:$B459,E$2,FORM!$A$2:$A459,">"&$B5+0.5,FORM!$A$2:$A459,"<"&$B5+1.5) -> -400 | F5: =sumifs(FORM!$D$2:$D459,FORM!$C$2:$C459,TODAY!$B$10,FORM!$B$2:$B459,F$2,FORM!$A$2:$A459,">"&$B5+0.5,FORM!$A$2:$A459,"<"&$B5+1.5)-sumifs(FORM!$D$2:$D459,FORM!$C$2:$C459,TODAY!$B$9,FORM!$B$2:$B459,F$2,FORM!$A$2:$A459,">"&$B5+0.5,FORM!$A$2:$A459,"<"&$B5+1.5) -> 100 | G5: =sumifs(FORM!$D$2:$D459,FORM!$C$2:$C459,TODAY!$B$10,FORM!$B$2:$B459,G$2,FORM!$A$2:$A459,">"&$B5+0.5,FORM!$A$2:$A459,"<"&$B5+1.5)-sumifs(FORM!$D$2:$D459,FORM!$C$2:$C459,TODAY!$B$9,FORM!$B$2:$B459,G$2,FORM!$A$2:$A459,">"&$B5+0.5,FORM!$A$2:$A459,"<"&$B5+1.5) -> -50 | H5: =sumifs(FORM!$D$2:$D459,FORM!$C$2:$C459,TODAY!$B$10,FORM!$B$2:$B459,H$2,FORM!$A$2:$A459,">"&$B5+0.5,FORM!$A$2:$A459,"<"&$B5+1.5)-sumifs(FORM!$D$2:$D459,FORM!$C$2:$C459,TODAY!$B$9,FORM!$B$2:$B459,H$2,FORM!$A$2:$A459,">"&$B5+0.5,FORM!$A$2:$A459,"<"&$B5+1.5) -> 13 | I5: =sumifs(FORM!$D$2:$D459,FORM!$C$2:$C459,TODAY!$B$10,FORM!$B$2:$B459,I$2,FORM!$A$2:$A459,">"&$B5+0.5,FORM!$A$2:$A459,"<"&$B5+1.5)-sumifs(FORM!$D$2:$D459,FORM!$C$2:$C459,TODAY!$B$9,FORM!$B$2:$B459,I$2,FORM!$A$2:$A459,">"&$B5+0.5,FORM!$A$2:$A459,"<"&$B5+1.5) -> 292 | J5: =sumifs(FORM!$D$2:$D459,FORM!$C$2:$C459,TODAY!$B$10,FORM!$B$2:$B459,J$2,FORM!$A$2:$A459,">"&$B5+0.5,FORM!$A$2:$A459,"<"&$B5+1.5)-sumifs(FORM!$D$2:$D459,FORM!$C$2:$C459,TODAY!$B$9,FORM!$B$2:$B459,J$2,FORM!$A$2:$A459,">"&$B5+0.5,FORM!$A$2:$A459,"<"&$B5+1.5) -> 1100 | K5: =sumifs(FORM!$D$2:$D459,FORM!$C$2:$C459,TODAY!$B$10,FORM!$B$2:$B459,K$2,FORM!$A$2:$A459,">"&$B5+0.5,FORM!$A$2:$A459,"<"&$B5+1.5)-sumifs(FORM!$D$2:$D459,FORM!$C$2:$C459,TODAY!$B$9,FORM!$B$2:$B459,K$2,FORM!$A$2:$A459,">"&$B5+0.5,FORM!$A$2:$A459,"<"&$B5+1.5) -> -400 | ... P5: =sumifs(FORM!$D$2:$D459,FORM!$C$2:$C459,TODAY!$B$10,FORM!$B$2:$B459,P$2,FORM!$A$2:$A459,">"&$B5+0.5,FORM!$A$2:$A459,"<"&$B5+1.5)-sumifs(FORM!$D$2:$D459,FORM!$C$2:$C459,TODAY!$B$9,FORM!$B$2:$B459,P$2,FORM!$A$2:$A459,">"&$B5+0.5,FORM!$A$2:$A459,"<"&$B5+1.5) -> 0 | Q5: 0 | R5: 0 | S5: 0 | T5: 0 | U5: =if(or($C5="",U$2=""),"",(sumifs(FORM!$D$2:$D459,FORM!$C$2:$C459,TODAY!$B$10,FORM!$B$2:$B459,U$2,FORM!$A$2:$A459,">"&$B5+0.5,FORM!$A$2:$A459,"<"&$B5+1.5)-sumifs(FORM!$D$2:$D459,FORM!$C$2:$C459,TODAY!$B$9,FORM!$B$2:$B459,U$2,FORM!$A$2:$A459,">"&$B5+0.5,FORM!$A$2:$A459,"<"&$B5+1.5))/$C5) -> 0
B6: 44841 | C6: 10 | D6: =sumifs(FORM!$D$2:$D459,FORM!$C$2:$C459,TODAY!$B$10,FORM!$B$2:$B459,D$2,FORM!$A$2:$A459,">"&$B6+0.5,FORM!$A$2:$A459,"<"&$B6+1.5)-sumifs(FORM!$D$2:$D459,FORM!$C$2:$C459,TODAY!$B$9,FORM!$B$2:$B459,D$2,FORM!$A$2:$A459,">"&$B6+0.5,FORM!$A$2:$A459,"<"&$B6+1.5) -> 296 | E6: =sumifs(FORM!$D$2:$D459,FORM!$C$2:$C459,TODAY!$B$10,FORM!$B$2:$B459,E$2,FORM!$A$2:$A459,">"&$B6+0.5,FORM!$A$2:$A459,"<"&$B6+1.5)-sumifs(FORM!$D$2:$D459,FORM!$C$2:$C459,TODAY!$B$9,FORM!$B$2:$B459,E$2,FORM!$A$2:$A459,">"&$B6+0.5,FORM!$A$2:$A459,"<"&$B6+1.5) -> 1110 | F6: =sumifs(FORM!$D$2:$D459,FORM!$C$2:$C459,TODAY!$B$10,FORM!$B$2:$B459,F$2,FORM!$A$2:$A459,">"&$B6+0.5,FORM!$A$2:$A459,"<"&$B6+1.5)-sumifs(FORM!$D$2:$D459,FORM!$C$2:$C459,TODAY!$B$9,FORM!$B$2:$B459,F$2,FORM!$A$2:$A459,">"&$B6+0.5,FORM!$A$2:$A459,"<"&$B6+1.5) -> -400 | G6: =sumifs(FORM!$D$2:$D459,FORM!$C$2:$C459,TODAY!$B$10,FORM!$B$2:$B459,G$2,FORM!$A$2:$A459,">"&$B6+0.5,FORM!$A$2:$A459,"<"&$B6+1.5)-sumifs(FORM!$D$2:$D459,FORM!$C$2:$C459,TODAY!$B$9,FORM!$B$2:$B459,G$2,FORM!$A$2:$A459,">"&$B6+0.5,FORM!$A$2:$A459,"<"&$B6+1.5) -> -435 | H6: =sumifs(FORM!$D$2:$D459,FORM!$C$2:$C459,TODAY!$B$10,FORM!$B$2:$B459,H$2,FORM!$A$2:$A459,">"&$B6+0.5,FORM!$A$2:$A459,"<"&$B6+1.5)-sumifs(FORM!$D$2:$D459,FORM!$C$2:$C459,TODAY!$B$9,FORM!$B$2:$B459,H$2,FORM!$A$2:$A459,">"&$B6+0.5,FORM!$A$2:$A459,"<"&$B6+1.5) -> -443 | I6: =sumifs(FORM!$D$2:$D459,FORM!$C$2:$C459,TODAY!$B$10,FORM!$B$2:$B459,I$2,FORM!$A$2:$A459,">"&$B6+0.5,FORM!$A$2:$A459,"<"&$B6+1.5)-sumifs(FORM!$D$2:$D459,FORM!$C$2:$C459,TODAY!$B$9,FORM!$B$2:$B459,I$2,FORM!$A$2:$A459,">"&$B6+0.5,FORM!$A$2:$A459,"<"&$B6+1.5) -> 0 | J6: =sumifs(FORM!$D$2:$D459,FORM!$C$2:$C459,TODAY!$B$10,FORM!$B$2:$B459,J$2,FORM!$A$2:$A459,">"&$B6+0.5,FORM!$A$2:$A459,"<"&$B6+1.5)-sumifs(FORM!$D$2:$D459,FORM!$C$2:$C459,TODAY!$B$9,FORM!$B$2:$B459,J$2,FORM!$A$2:$A459,">"&$B6+0.5,FORM!$A$2:$A459,"<"&$B6+1.5) -> -128 | K6: =sumifs(FORM!$D$2:$D459,FORM!$C$2:$C459,TODAY!$B$10,FORM!$B$2:$B459,K$2,FORM!$A$2:$A459,">"&$B6+0.5,FORM!$A$2:$A459,"<"&$B6+1.5)-sumifs(FORM!$D$2:$D459,FORM!$C$2:$C459,TODAY!$B$9,FORM!$B$2:$B459,K$2,FORM!$A$2:$A459,">"&$B6+0.5,FORM!$A$2:$A459,"<"&$B6+1.5) -> 0 | ... P6: =sumifs(FORM!$D$2:$D459,FORM!$C$2:$C459,TODAY!$B$10,FORM!$B$2:$B459,P$2,FORM!$A$2:$A459,">"&$B6+0.5,FORM!$A$2:$A459,"<"&$B6+1.5)-sumifs(FORM!$D$2:$D459,FORM!$C$2:$C459,TODAY!$B$9,FORM!$B$2:$B459,P$2,FORM!$A$2:$A459,">"&$B6+0.5,FORM!$A$2:$A459,"<"&$B6+1.5) -> 0 | Q6: 0 | R6: 0 | S6: 0 | T6: 0 | U6: =if(or($C6="",U$2=""),"",(sumifs(FORM!$D$2:$D459,FORM!$C$2:$C459,TODAY!$B$10,FORM!$B$2:$B459,U$2,FORM!$A$2:$A459,">"&$B6+0.5,FORM!$A$2:$A459,"<"&$B6+1.5)-sumifs(FORM!$D$2:$D459,FORM!$C$2:$C459,TODAY!$B$9,FORM!$B$2:$B459,U$2,FORM!$A$2:$A459,">"&$B6+0.5,FORM!$A$2:$A459,"<"&$B6+1.5))/$C6) -> 0
B7: 44842 | C7: 10 | D7: =sumifs(FORM!$D$2:$D459,FORM!$C$2:$C459,TODAY!$B$10,FORM!$B$2:$B459,D$2,FORM!$A$2:$A459,">"&$B7+0.5,FORM!$A$2:$A459,"<"&$B7+1.5)-sumifs(FORM!$D$2:$D459,FORM!$C$2:$C459,TODAY!$B$9,FORM!$B$2:$B459,D$2,FORM!$A$2:$A459,">"&$B7+0.5,FORM!$A$2:$A459,"<"&$B7+1.5) -> 355 | E7: =sumifs(FORM!$D$2:$D459,FORM!$C$2:$C459,TODAY!$B$10,FORM!$B$2:$B459,E$2,FORM!$A$2:$A459,">"&$B7+0.5,FORM!$A$2:$A459,"<"&$B7+1.5)-sumifs(FORM!$D$2:$D459,FORM!$C$2:$C459,TODAY!$B$9,FORM!$B$2:$B459,E$2,FORM!$A$2:$A459,">"&$B7+0.5,FORM!$A$2:$A459,"<"&$B7+1.5) -> -300 | F7: =sumifs(FORM!$D$2:$D459,FORM!$C$2:$C459,TODAY!$B$10,FORM!$B$2:$B459,F$2,FORM!$A$2:$A459,">"&$B7+0.5,FORM!$A$2:$A459,"<"&$B7+1.5)-sumifs(FORM!$D$2:$D459,FORM!$C$2:$C459,TODAY!$B$9,FORM!$B$2:$B459,F$2,FORM!$A$2:$A459,">"&$B7+0.5,FORM!$A$2:$A459,"<"&$B7+1.5) -> -154 | G7: =sumifs(FORM!$D$2:$D459,FORM!$C$2:$C459,TODAY!$B$10,FORM!$B$2:$B459,G$2,FORM!$A$2:$A459,">"&$B7+0.5,FORM!$A$2:$A459,"<"&$B7+1.5)-sumifs(FORM!$D$2:$D459,FORM!$C$2:$C459,TODAY!$B$9,FORM!$B$2:$B459,G$2,FORM!$A$2:$A459,">"&$B7+0.5,FORM!$A$2:$A459,"<"&$B7+1.5) -> 258 | H7: =sumifs(FORM!$D$2:$D459,FORM!$C$2:$C459,TODAY!$B$10,FORM!$B$2:$B459,H$2,FORM!$A$2:$A459,">"&$B7+0.5,FORM!$A$2:$A459,"<"&$B7+1.5)-sumifs(FORM!$D$2:$D459,FORM!$C$2:$C459,TODAY!$B$9,FORM!$B$2:$B459,H$2,FORM!$A$2:$A459,">"&$B7+0.5,FORM!$A$2:$A459,"<"&$B7+1.5) -> 200 | I7: =sumifs(FORM!$D$2:$D459,FORM!$C$2:$C459,TODAY!$B$10,FORM!$B$2:$B459,I$2,FORM!$A$2:$A459,">"&$B7+0.5,FORM!$A$2:$A459,"<"&$B7+1.5)-sumifs(FORM!$D$2:$D459,FORM!$C$2:$C459,TODAY!$B$9,FORM!$B$2:$B459,I$2,FORM!$A$2:$A459,">"&$B7+0.5,FORM!$A$2:$A459,"<"&$B7+1.5) -> 441 | J7: =sumifs(FORM!$D$2:$D459,FORM!$C$2:$C459,TODAY!$B$10,FORM!$B$2:$B459,J$2,FORM!$A$2:$A459,">"&$B7+0.5,FORM!$A$2:$A459,"<"&$B7+1.5)-sumifs(FORM!$D$2:$D459,FORM!$C$2:$C459,TODAY!$B$9,FORM!$B$2:$B459,J$2,FORM!$A$2:$A459,">"&$B7+0.5,FORM!$A$2:$A459,"<"&$B7+1.5) -> -800 | K7: =sumifs(FORM!$D$2:$D459,FORM!$C$2:$C459,TODAY!$B$10,FORM!$B$2:$B459,K$2,FORM!$A$2:$A459,">"&$B7+0.5,FORM!$A$2:$A459,"<"&$B7+1.5)-sumifs(FORM!$D$2:$D459,FORM!$C$2:$C459,TODAY!$B$9,FORM!$B$2:$B459,K$2,FORM!$A$2:$A459,">"&$B7+0.5,FORM!$A$2:$A459,"<"&$B7+1.5) -> 0 | ... P7: =sumifs(FORM!$D$2:$D459,FORM!$C$2:$C459,TODAY!$B$10,FORM!$B$2:$B459,P$2,FORM!$A$2:$A459,">"&$B7+0.5,FORM!$A$2:$A459,"<"&$B7+1.5)-sumifs(FORM!$D$2:$D459,FORM!$C$2:$C459,TODAY!$B$9,FORM!$B$2:$B459,P$2,FORM!$A$2:$A459,">"&$B7+0.5,FORM!$A$2:$A459,"<"&$B7+1.5) -> 0 | Q7: 0 | R7: 0 | S7: 0 | T7: 0 | U7: =if(or($C7="",U$2=""),"",(sumifs(FORM!$D$2:$D459,FORM!$C$2:$C459,TODAY!$B$10,FORM!$B$2:$B459,U$2,FORM!$A$2:$A459,">"&$B7+0.5,FORM!$A$2:$A459,"<"&$B7+1.5)-sumifs(FORM!$D$2:$D459,FORM!$C$2:$C459,TODAY!$B$9,FORM!$B$2:$B459,U$2,FORM!$A$2:$A459,">"&$B7+0.5,FORM!$A$2:$A459,"<"&$B7+1.5))/$C7) -> 0
B8: 44846 | C8: 10 | D8: =sumifs(FORM!$D$2:$D459,FORM!$C$2:$C459,TODAY!$B$10,FORM!$B$2:$B459,D$2,FORM!$A$2:$A459,">"&$B8+0.5,FORM!$A$2:$A459,"<"&$B8+1.5)-sumifs(FORM!$D$2:$D459,FORM!$C$2:$C459,TODAY!$B$9,FORM!$B$2:$B459,D$2,FORM!$A$2:$A459,">"&$B8+0.5,FORM!$A$2:$A459,"<"&$B8+1.5) -> 470 | E8: =sumifs(FORM!$D$2:$D459,FORM!$C$2:$C459,TODAY!$B$10,FORM!$B$2:$B459,E$2,FORM!$A$2:$A459,">"&$B8+0.5,FORM!$A$2:$A459,"<"&$B8+1.5)-sumifs(FORM!$D$2:$D459,FORM!$C$2:$C459,TODAY!$B$9,FORM!$B$2:$B459,E$2,FORM!$A$2:$A459,">"&$B8+0.5,FORM!$A$2:$A459,"<"&$B8+1.5) -> -40 | F8: =sumifs(FORM!$D$2:$D459,FORM!$C$2:$C459,TODAY!$B$10,FORM!$B$2:$B459,F$2,FORM!$A$2:$A459,">"&$B8+0.5,FORM!$A$2:$A459,"<"&$B8+1.5)-sumifs(FORM!$D$2:$D459,FORM!$C$2:$C459,TODAY!$B$9,FORM!$B$2:$B459,F$2,FORM!$A$2:$A459,">"&$B8+0.5,FORM!$A$2:$A459,"<"&$B8+1.5) -> 46 | G8: =sumifs(FORM!$D$2:$D459,FORM!$C$2:$C459,TODAY!$B$10,FORM!$B$2:$B459,G$2,FORM!$A$2:$A459,">"&$B8+0.5,FORM!$A$2:$A459,"<"&$B8+1.5)-sumifs(FORM!$D$2:$D459,FORM!$C$2:$C459,TODAY!$B$9,FORM!$B$2:$B459,G$2,FORM!$A$2:$A459,">"&$B8+0.5,FORM!$A$2:$A459,"<"&$B8+1.5) -> 0 | H8: =sumifs(FORM!$D$2:$D459,FORM!$C$2:$C459,TODAY!$B$10,FORM!$B$2:$B459,H$2,FORM!$A$2:$A459,">"&$B8+0.5,FORM!$A$2:$A459,"<"&$B8+1.5)-sumifs(FORM!$D$2:$D459,FORM!$C$2:$C459,TODAY!$B$9,FORM!$B$2:$B459,H$2,FORM!$A$2:$A459,">"&$B8+0.5,FORM!$A$2:$A459,"<"&$B8+1.5) -> 123 | I8: =sumifs(FORM!$D$2:$D459,FORM!$C$2:$C459,TODAY!$B$10,FORM!$B$2:$B459,I$2,FORM!$A$2:$A459,">"&$B8+0.5,FORM!$A$2:$A459,"<"&$B8+1.5)-sumifs(FORM!$D$2:$D459,FORM!$C$2:$C459,TODAY!$B$9,FORM!$B$2:$B459,I$2,FORM!$A$2:$A459,">"&$B8+0.5,FORM!$A$2:$A459,"<"&$B8+1.5) -> -40 | J8: =sumifs(FORM!$D$2:$D459,FORM!$C$2:$C459,TODAY!$B$10,FORM!$B$2:$B459,J$2,FORM!$A$2:$A459,">"&$B8+0.5,FORM!$A$2:$A459,"<"&$B8+1.5)-sumifs(FORM!$D$2:$D459,FORM!$C$2:$C459,TODAY!$B$9,FORM!$B$2:$B459,J$2,FORM!$A$2:$A459,">"&$B8+0.5,FORM!$A$2:$A459,"<"&$B8+1.5) -> -559 | K8: =sumifs(FORM!$D$2:$D459,FORM!$C$2:$C459,TODAY!$B$10,FORM!$B$2:$B459,K$2,FORM!$A$2:$A459,">"&$B8+0.5,FORM!$A$2:$A459,"<"&$B8+1.5)-sumifs(FORM!$D$2:$D459,FORM!$C$2:$C459,TODAY!$B$9,FORM!$B$2:$B459,K$2,FORM!$A$2:$A459,">"&$B8+0.5,FORM!$A$2:$A459,"<"&$B8+1.5) -> 0 | ... P8: =sumifs(FORM!$D$2:$D459,FORM!$C$2:$C459,TODAY!$B$10,FORM!$B$2:$B459,P$2,FORM!$A$2:$A459,">"&$B8+0.5,FORM!$A$2:$A459,"<"&$B8+1.5)-sumifs(FORM!$D$2:$D459,FORM!$C$2:$C459,TODAY!$B$9,FORM!$B$2:$B459,P$2,FORM!$A$2:$A459,">"&$B8+0.5,FORM!$A$2:$A459,"<"&$B8+1.5) -> 0 | Q8: 0 | R8: 0 | S8: 0 | T8: 0 | U8: =if(or($C8="",U$2=""),"",(sumifs(FORM!$D$2:$D459,FORM!$C$2:$C459,TODAY!$B$10,FORM!$B$2:$B459,U$2,FORM!$A$2:$A459,">"&$B8+0.5,FORM!$A$2:$A459,"<"&$B8+1.5)-sumifs(FORM!$D$2:$D459,FORM!$C$2:$C459,TODAY!$B$9,FORM!$B$2:$B459,U$2,FORM!$A$2:$A459,">"&$B8+0.5,FORM!$A$2:$A459,"<"&$B8+1.5))/$C8) -> 0
B9: 44847 | C9: 10 | D9: =sumifs(FORM!$D$2:$D459,FORM!$C$2:$C459,TODAY!$B$10,FORM!$B$2:$B459,D$2,FORM!$A$2:$A459,">"&$B9+0.5,FORM!$A$2:$A459,"<"&$B9+1.5)-sumifs(FORM!$D$2:$D459,FORM!$C$2:$C459,TODAY!$B$9,FORM!$B$2:$B459,D$2,FORM!$A$2:$A459,">"&$B9+0.5,FORM!$A$2:$A459,"<"&$B9+1.5) -> -230 | E9: =sumifs(FORM!$D$2:$D459,FORM!$C$2:$C459,TODAY!$B$10,FORM!$B$2:$B459,E$2,FORM!$A$2:$A459,">"&$B9+0.5,FORM!$A$2:$A459,"<"&$B9+1.5)-sumifs(FORM!$D$2:$D459,FORM!$C$2:$C459,TODAY!$B$9,FORM!$B$2:$B459,E$2,FORM!$A$2:$A459,">"&$B9+0.5,FORM!$A$2:$A459,"<"&$B9+1.5) -> -156 | F9: =sumifs(FORM!$D$2:$D459,FORM!$C$2:$C459,TODAY!$B$10,FORM!$B$2:$B459,F$2,FORM!$A$2:$A459,">"&$B9+0.5,FORM!$A$2:$A459,"<"&$B9+1.5)-sumifs(FORM!$D$2:$D459,FORM!$C$2:$C459,TODAY!$B$9,FORM!$B$2:$B459,F$2,FORM!$A$2:$A459,">"&$B9+0.5,FORM!$A$2:$A459,"<"&$B9+1.5) -> 890 | G9: =sumifs(FORM!$D$2:$D459,FORM!$C$2:$C459,TODAY!$B$10,FORM!$B$2:$B459,G$2,FORM!$A$2:$A459,">"&$B9+0.5,FORM!$A$2:$A459,"<"&$B9+1.5)-sumifs(FORM!$D$2:$D459,FORM!$C$2:$C459,TODAY!$B$9,FORM!$B$2:$B459,G$2,FORM!$A$2:$A459,">"&$B9+0.5,FORM!$A$2:$A459,"<"&$B9+1.5) -> -900 | H9: =sumifs(FORM!$D$2:$D459,FORM!$C$2:$C459,TODAY!$B$10,FORM!$B$2:$B459,H$2,FORM!$A$2:$A459,">"&$B9+0.5,FORM!$A$2:$A459,"<"&$B9+1.5)-sumifs(FORM!$D$2:$D459,FORM!$C$2:$C459,TODAY!$B$9,FORM!$B$2:$B459,H$2,FORM!$A$2:$A459,">"&$B9+0.5,FORM!$A$2:$A459,"<"&$B9+1.5) -> 90 | I9: =sumifs(FORM!$D$2:$D459,FORM!$C$2:$C459,TODAY!$B$10,FORM!$B$2:$B459,I$2,FORM!$A$2:$A459,">"&$B9+0.5,FORM!$A$2:$A459,"<"&$B9+1.5)-sumifs(FORM!$D$2:$D459,FORM!$C$2:$C459,TODAY!$B$9,FORM!$B$2:$B459,I$2,FORM!$A$2:$A459,">"&$B9+0.5,FORM!$A$2:$A459,"<"&$B9+1.5) -> -279 | J9: =sumifs(FORM!$D$2:$D459,FORM!$C$2:$C459,TODAY!$B$10,FORM!$B$2:$B459,J$2,FORM!$A$2:$A459,">"&$B9+0.5,FORM!$A$2:$A459,"<"&$B9+1.5)-sumifs(FORM!$D$2:$D459,FORM!$C$2:$C459,TODAY!$B$9,FORM!$B$2:$B459,J$2,FORM!$A$2:$A459,">"&$B9+0.5,FORM!$A$2:$A459,"<"&$B9+1.5) -> 585 | K9: =sumifs(FORM!$D$2:$D459,FORM!$C$2:$C459,TODAY!$B$10,FORM!$B$2:$B459,K$2,FORM!$A$2:$A459,">"&$B9+0.5,FORM!$A$2:$A459,"<"&$B9+1.5)-sumifs(FORM!$D$2:$D459,FORM!$C$2:$C459,TODAY!$B$9,FORM!$B$2:$B459,K$2,FORM!$A$2:$A459,">"&$B9+0.5,FORM!$A$2:$A459,"<"&$B9+1.5) -> 0 | ... P9: =sumifs(FORM!$D$2:$D459,FORM!$C$2:$C459,TODAY!$B$10,FORM!$B$2:$B459,P$2,FORM!$A$2:$A459,">"&$B9+0.5,FORM!$A$2:$A459,"<"&$B9+1.5)-sumifs(FORM!$D$2:$D459,FORM!$C$2:$C459,TODAY!$B$9,FORM!$B$2:$B459,P$2,FORM!$A$2:$A459,">"&$B9+0.5,FORM!$A$2:$A459,"<"&$B9+1.5) -> 0 | Q9: 0 | R9: 0 | S9: 0 | T9: 0 | U9: =if(or($C9="",U$2=""),"",(sumifs(FORM!$D$2:$D459,FORM!$C$2:$C459,TODAY!$B$10,FORM!$B$2:$B459,U$2,FORM!$A$2:$A459,">"&$B9+0.5,FORM!$A$2:$A459,"<"&$B9+1.5)-sumifs(FORM!$D$2:$D459,FORM!$C$2:$C459,TODAY!$B$9,FORM!$B$2:$B459,U$2,FORM!$A$2:$A459,">"&$B9+0.5,FORM!$A$2:$A459,"<"&$B9+1.5))/$C9) -> 0
B10: 44849 | C10: 10 | D10: =sumifs(FORM!$D$2:$D459,FORM!$C$2:$C459,TODAY!$B$10,FORM!$B$2:$B459,D$2,FORM!$A$2:$A459,">"&$B10+0.5,FORM!$A$2:$A459,"<"&$B10+1.5)-sumifs(FORM!$D$2:$D459,FORM!$C$2:$C459,TODAY!$B$9,FORM!$B$2:$B459,D$2,FORM!$A$2:$A459,">"&$B10+0.5,FORM!$A$2:$A459,"<"&$B10+1.5) -> -800 | E10: =sumifs(FORM!$D$2:$D459,FORM!$C$2:$C459,TODAY!$B$10,FORM!$B$2:$B459,E$2,FORM!$A$2:$A459,">"&$B10+0.5,FORM!$A$2:$A459,"<"&$B10+1.5)-sumifs(FORM!$D$2:$D459,FORM!$C$2:$C459,TODAY!$B$9,FORM!$B$2:$B459,E$2,FORM!$A$2:$A459,">"&$B10+0.5,FORM!$A$2:$A459,"<"&$B10+1.5) -> 647 | F10: =sumifs(FORM!$D$2:$D459,FORM!$C$2:$C459,TODAY!$B$10,FORM!$B$2:$B459,F$2,FORM!$A$2:$A459,">"&$B10+0.5,FORM!$A$2:$A459,"<"&$B10+1.5)-sumifs(FORM!$D$2:$D459,FORM!$C$2:$C459,TODAY!$B$9,FORM!$B$2:$B459,F$2,FORM!$A$2:$A459,">"&$B10+0.5,FORM!$A$2:$A459,"<"&$B10+1.5) -> -47 | G10: =sumifs(FORM!$D$2:$D459,FORM!$C$2:$C459,TODAY!$B$10,FORM!$B$2:$B459,G$2,FORM!$A$2:$A459,">"&$B10+0.5,FORM!$A$2:$A459,"<"&$B10+1.5)-sumifs(FORM!$D$2:$D459,FORM!$C$2:$C459,TODAY!$B$9,FORM!$B$2:$B459,G$2,FORM!$A$2:$A459,">"&$B10+0.5,FORM!$A$2:$A459,"<"&$B10+1.5) -> 0 | H10: =sumifs(FORM!$D$2:$D459,FORM!$C$2:$C459,TODAY!$B$10,FORM!$B$2:$B459,H$2,FORM!$A$2:$A459,">"&$B10+0.5,FORM!$A$2:$A459,"<"&$B10+1.5)-sumifs(FORM!$D$2:$D459,FORM!$C$2:$C459,TODAY!$B$9,FORM!$B$2:$B459,H$2,FORM!$A$2:$A459,">"&$B10+0.5,FORM!$A$2:$A459,"<"&$B10+1.5) -> -139 | I10: =sumifs(FORM!$D$2:$D459,FORM!$C$2:$C459,TODAY!$B$10,FORM!$B$2:$B459,I$2,FORM!$A$2:$A459,">"&$B10+0.5,FORM!$A$2:$A459,"<"&$B10+1.5)-sumifs(FORM!$D$2:$D459,FORM!$C$2:$C459,TODAY!$B$9,FORM!$B$2:$B459,I$2,FORM!$A$2:$A459,">"&$B10+0.5,FORM!$A$2:$A459,"<"&$B10+1.5) -> 616 | J10: =sumifs(FORM!$D$2:$D459,FORM!$C$2:$C459,TODAY!$B$10,FORM!$B$2:$B459,J$2,FORM!$A$2:$A459,">"&$B10+0.5,FORM!$A$2:$A459,"<"&$B10+1.5)-sumifs(FORM!$D$2:$D459,FORM!$C$2:$C459,TODAY!$B$9,FORM!$B$2:$B459,J$2,FORM!$A$2:$A459,">"&$B10+0.5,FORM!$A$2:$A459,"<"&$B10+1.5) -> -57 | K10: =sumifs(FORM!$D$2:$D459,FORM!$C$2:$C459,TODAY!$B$10,FORM!$B$2:$B459,K$2,FORM!$A$2:$A459,">"&$B10+0.5,FORM!$A$2:$A459,"<"&$B10+1.5)-sumifs(FORM!$D$2:$D459,FORM!$C$2:$C459,TODAY!$B$9,FORM!$B$2:$B459,K$2,FORM!$A$2:$A459,">"&$B10+0.5,FORM!$A$2:$A459,"<"&$B10+1.5) -> -200 | ... P10: =sumifs(FORM!$D$2:$D459,FORM!$C$2:$C459,TODAY!$B$10,FORM!$B$2:$B459,P$2,FORM!$A$2:$A459,">"&$B10+0.5,FORM!$A$2:$A459,"<"&$B10+1.5)-sumifs(FORM!$D$2:$D459,FORM!$C$2:$C459,TODAY!$B$9,FORM!$B$2:$B459,P$2,FORM!$A$2:$A459,">"&$B10+0.5,FORM!$A$2:$A459,"<"&$B10+1.5) -> 0 | Q10: 0 | R10: 0 | S10: 0 | T10: 0 | U10: =if(or($C10="",U$2=""),"",(sumifs(FORM!$D$2:$D459,FORM!$C$2:$C459,TODAY!$B$10,FORM!$B$2:$B459,U$2,FORM!$A$2:$A459,">"&$B10+0.5,FORM!$A$2:$A459,"<"&$B10+1.5)-sumifs(FORM!$D$2:$D459,FORM!$C$2:$C459,TODAY!$B$9,FORM!$B$2:$B459,U$2,FORM!$A$2:$A459,">"&$B10+0.5,FORM!$A$2:$A459,"<"&$B10+1.5))/$C10) -> 0
B11: 44857 | C11: 10 | D11: =sumifs(FORM!$D$2:$D459,FORM!$C$2:$C459,TODAY!$B$10,FORM!$B$2:$B459,D$2,FORM!$A$2:$A459,">"&$B11+0.5,FORM!$A$2:$A459,"<"&$B11+1.5)-sumifs(FORM!$D$2:$D459,FORM!$C$2:$C459,TODAY!$B$9,FORM!$B$2:$B459,D$2,FORM!$A$2:$A459,">"&$B11+0.5,FORM!$A$2:$A459,"<"&$B11+1.5) -> 530 | E11: =sumifs(FORM!$D$2:$D459,FORM!$C$2:$C459,TODAY!$B$10,FORM!$B$2:$B459,E$2,FORM!$A$2:$A459,">"&$B11+0.5,FORM!$A$2:$A459,"<"&$B11+1.5)-sumifs(FORM!$D$2:$D459,FORM!$C$2:$C459,TODAY!$B$9,FORM!$B$2:$B459,E$2,FORM!$A$2:$A459,">"&$B11+0.5,FORM!$A$2:$A459,"<"&$B11+1.5) -> 135 | F11: =sumifs(FORM!$D$2:$D459,FORM!$C$2:$C459,TODAY!$B$10,FORM!$B$2:$B459,F$2,FORM!$A$2:$A459,">"&$B11+0.5,FORM!$A$2:$A459,"<"&$B11+1.5)-sumifs(FORM!$D$2:$D459,FORM!$C$2:$C459,TODAY!$B$9,FORM!$B$2:$B459,F$2,FORM!$A$2:$A459,">"&$B11+0.5,FORM!$A$2:$A459,"<"&$B11+1.5) -> 578 | G11: =sumifs(FORM!$D$2:$D459,FORM!$C$2:$C459,TODAY!$B$10,FORM!$B$2:$B459,G$2,FORM!$A$2:$A459,">"&$B11+0.5,FORM!$A$2:$A459,"<"&$B11+1.5)-sumifs(FORM!$D$2:$D459,FORM!$C$2:$C459,TODAY!$B$9,FORM!$B$2:$B459,G$2,FORM!$A$2:$A459,">"&$B11+0.5,FORM!$A$2:$A459,"<"&$B11+1.5) -> -1023 | H11: =sumifs(FORM!$D$2:$D459,FORM!$C$2:$C459,TODAY!$B$10,FORM!$B$2:$B459,H$2,FORM!$A$2:$A459,">"&$B11+0.5,FORM!$A$2:$A459,"<"&$B11+1.5)-sumifs(FORM!$D$2:$D459,FORM!$C$2:$C459,TODAY!$B$9,FORM!$B$2:$B459,H$2,FORM!$A$2:$A459,">"&$B11+0.5,FORM!$A$2:$A459,"<"&$B11+1.5) -> -40 | I11: =sumifs(FORM!$D$2:$D459,FORM!$C$2:$C459,TODAY!$B$10,FORM!$B$2:$B459,I$2,FORM!$A$2:$A459,">"&$B11+0.5,FORM!$A$2:$A459,"<"&$B11+1.5)-sumifs(FORM!$D$2:$D459,FORM!$C$2:$C459,TODAY!$B$9,FORM!$B$2:$B459,I$2,FORM!$A$2:$A459,">"&$B11+0.5,FORM!$A$2:$A459,"<"&$B11+1.5) -> 0 | J11: =sumifs(FORM!$D$2:$D459,FORM!$C$2:$C459,TODAY!$B$10,FORM!$B$2:$B459,J$2,FORM!$A$2:$A459,">"&$B11+0.5,FORM!$A$2:$A459,"<"&$B11+1.5)-sumifs(FORM!$D$2:$D459,FORM!$C$2:$C459,TODAY!$B$9,FORM!$B$2:$B459,J$2,FORM!$A$2:$A459,">"&$B11+0.5,FORM!$A$2:$A459,"<"&$B11+1.5) -> -180 | K11: =sumifs(FORM!$D$2:$D459,FORM!$C$2:$C459,TODAY!$B$10,FORM!$B$2:$B459,K$2,FORM!$A$2:$A459,">"&$B11+0.5,FORM!$A$2:$A459,"<"&$B11+1.5)-sumifs(FORM!$D$2:$D459,FORM!$C$2:$C459,TODAY!$B$9,FORM!$B$2:$B459,K$2,FORM!$A$2:$A459,">"&$B11+0.5,FORM!$A$2:$A459,"<"&$B11+1.5) -> 0 | ... P11: =sumifs(FORM!$D$2:$D459,FORM!$C$2:$C459,TODAY!$B$10,FORM!$B$2:$B459,P$2,FORM!$A$2:$A459,">"&$B11+0.5,FORM!$A$2:$A459,"<"&$B11+1.5)-sumifs(FORM!$D$2:$D459,FORM!$C$2:$C459,TODAY!$B$9,FORM!$B$2:$B459,P$2,FORM!$A$2:$A459,">"&$B11+0.5,FORM!$A$2:$A459,"<"&$B11+1.5) -> 0 | Q11: 0 | R11: 0 | S11: 0 | T11: 0 | U11: =if(or($C11="",U$2=""),"",(sumifs(FORM!$D$2:$D459,FORM!$C$2:$C459,TODAY!$B$10,FORM!$B$2:$B459,U$2,FORM!$A$2:$A459,">"&$B11+0.5,FORM!$A$2:$A459,"<"&$B11+1.5)-sumifs(FORM!$D$2:$D459,FORM!$C$2:$C459,TODAY!$B$9,FORM!$B$2:$B459,U$2,FORM!$A$2:$A459,">"&$B11+0.5,FORM!$A$2:$A459,"<"&$B11+1.5))/$C11) -> 0
B12: 44863 | C12: 10 | D12: =sumifs(FORM!$D$2:$D459,FORM!$C$2:$C459,TODAY!$B$10,FORM!$B$2:$B459,D$2,FORM!$A$2:$A459,">"&$B12+0.5,FORM!$A$2:$A459,"<"&$B12+1.5)-sumifs(FORM!$D$2:$D459,FORM!$C$2:$C459,TODAY!$B$9,FORM!$B$2:$B459,D$2,FORM!$A$2:$A459,">"&$B12+0.5,FORM!$A$2:$A459,"<"&$B12+1.5) -> 450 | E12: =sumifs(FORM!$D$2:$D459,FORM!$C$2:$C459,TODAY!$B$10,FORM!$B$2:$B459,E$2,FORM!$A$2:$A459,">"&$B12+0.5,FORM!$A$2:$A459,"<"&$B12+1.5)-sumifs(FORM!$D$2:$D459,FORM!$C$2:$C459,TODAY!$B$9,FORM!$B$2:$B459,E$2,FORM!$A$2:$A459,">"&$B12+0.5,FORM!$A$2:$A459,"<"&$B12+1.5) -> 90 | F12: =sumifs(FORM!$D$2:$D459,FORM!$C$2:$C459,TODAY!$B$10,FORM!$B$2:$B459,F$2,FORM!$A$2:$A459,">"&$B12+0.5,FORM!$A$2:$A459,"<"&$B12+1.5)-sumifs(FORM!$D$2:$D459,FORM!$C$2:$C459,TODAY!$B$9,FORM!$B$2:$B459,F$2,FORM!$A$2:$A459,">"&$B12+0.5,FORM!$A$2:$A459,"<"&$B12+1.5) -> -27 | G12: =sumifs(FORM!$D$2:$D459,FORM!$C$2:$C459,TODAY!$B$10,FORM!$B$2:$B459,G$2,FORM!$A$2:$A459,">"&$B12+0.5,FORM!$A$2:$A459,"<"&$B12+1.5)-sumifs(FORM!$D$2:$D459,FORM!$C$2:$C459,TODAY!$B$9,FORM!$B$2:$B459,G$2,FORM!$A$2:$A459,">"&$B12+0.5,FORM!$A$2:$A459,"<"&$B12+1.5) -> -464 | H12: =sumifs(FORM!$D$2:$D459,FORM!$C$2:$C459,TODAY!$B$10,FORM!$B$2:$B459,H$2,FORM!$A$2:$A459,">"&$B12+0.5,FORM!$A$2:$A459,"<"&$B12+1.5)-sumifs(FORM!$D$2:$D459,FORM!$C$2:$C459,TODAY!$B$9,FORM!$B$2:$B459,H$2,FORM!$A$2:$A459,">"&$B12+0.5,FORM!$A$2:$A459,"<"&$B12+1.5) -> -49 | I12: =sumifs(FORM!$D$2:$D459,FORM!$C$2:$C459,TODAY!$B$10,FORM!$B$2:$B459,I$2,FORM!$A$2:$A459,">"&$B12+0.5,FORM!$A$2:$A459,"<"&$B12+1.5)-sumifs(FORM!$D$2:$D459,FORM!$C$2:$C459,TODAY!$B$9,FORM!$B$2:$B459,I$2,FORM!$A$2:$A459,">"&$B12+0.5,FORM!$A$2:$A459,"<"&$B12+1.5) -> 0 | J12: =sumifs(FORM!$D$2:$D459,FORM!$C$2:$C459,TODAY!$B$10,FORM!$B$2:$B459,J$2,FORM!$A$2:$A459,">"&$B12+0.5,FORM!$A$2:$A459,"<"&$B12+1.5)-sumifs(FORM!$D$2:$D459,FORM!$C$2:$C459,TODAY!$B$9,FORM!$B$2:$B459,J$2,FORM!$A$2:$A459,">"&$B12+0.5,FORM!$A$2:$A459,"<"&$B12+1.5) -> 0 | K12: =sumifs(FORM!$D$2:$D459,FORM!$C$2:$C459,TODAY!$B$10,FORM!$B$2:$B459,K$2,FORM!$A$2:$A459,">"&$B12+0.5,FORM!$A$2:$A459,"<"&$B12+1.5)-sumifs(FORM!$D$2:$D459,FORM!$C$2:$C459,TODAY!$B$9,FORM!$B$2:$B459,K$2,FORM!$A$2:$A459,">"&$B12+0.5,FORM!$A$2:$A459,"<"&$B12+1.5) -> 0 | ... P12: =sumifs(FORM!$D$2:$D459,FORM!$C$2:$C459,TODAY!$B$10,FORM!$B$2:$B459,P$2,FORM!$A$2:$A459,">"&$B12+0.5,FORM!$A$2:$A459,"<"&$B12+1.5)-sumifs(FORM!$D$2:$D459,FORM!$C$2:$C459,TODAY!$B$9,FORM!$B$2:$B459,P$2,FORM!$A$2:$A459,">"&$B12+0.5,FORM!$A$2:$A459,"<"&$B12+1.5) -> 0 | Q12: 0 | R12: 0 | S12: 0 | T12: 0 | U12: =if(or($C12="",U$2=""),"",(sumifs(FORM!$D$2:$D459,FORM!$C$2:$C459,TODAY!$B$10,FORM!$B$2:$B459,U$2,FORM!$A$2:$A459,">"&$B12+0.5,FORM!$A$2:$A459,"<"&$B12+1.5)-sumifs(FORM!$D$2:$D459,FORM!$C$2:$C459,TODAY!$B$9,FORM!$B$2:$B459,U$2,FORM!$A$2:$A459,">"&$B12+0.5,FORM!$A$2:$A459,"<"&$B12+1.5))/$C12) -> 0
B13: 44898 | C13: 1 | D13: =sumifs(FORM!$D$2:$D459,FORM!$C$2:$C459,TODAY!$B$10,FORM!$B$2:$B459,D$2,FORM!$A$2:$A459,">"&$B13+0.5,FORM!$A$2:$A459,"<"&$B13+1.5)-sumifs(FORM!$D$2:$D459,FORM!$C$2:$C459,TODAY!$B$9,FORM!$B$2:$B459,D$2,FORM!$A$2:$A459,">"&$B13+0.5,FORM!$A$2:$A459,"<"&$B13+1.5) -> 1940 | E13: =sumifs(FORM!$D$2:$D459,FORM!$C$2:$C459,TODAY!$B$10,FORM!$B$2:$B459,E$2,FORM!$A$2:$A459,">"&$B13+0.5,FORM!$A$2:$A459,"<"&$B13+1.5)-sumifs(FORM!$D$2:$D459,FORM!$C$2:$C459,TODAY!$B$9,FORM!$B$2:$B459,E$2,FORM!$A$2:$A459,">"&$B13+0.5,FORM!$A$2:$A459,"<"&$B13+1.5) -> 0 | F13: =sumifs(FORM!$D$2:$D459,FORM!$C$2:$C459,TODAY!$B$10,FORM!$B$2:$B459,F$2,FORM!$A$2:$A459,">"&$B13+0.5,FORM!$A$2:$A459,"<"&$B13+1.5)-sumifs(FORM!$D$2:$D459,FORM!$C$2:$C459,TODAY!$B$9,FORM!$B$2:$B459,F$2,FORM!$A$2:$A459,">"&$B13+0.5,FORM!$A$2:$A459,"<"&$B13+1.5) -> 200 | G13: =sumifs(FORM!$D$2:$D459,FORM!$C$2:$C459,TODAY!$B$10,FORM!$B$2:$B459,G$2,FORM!$A$2:$A459,">"&$B13+0.5,FORM!$A$2:$A459,"<"&$B13+1.5)-sumifs(FORM!$D$2:$D459,FORM!$C$2:$C459,TODAY!$B$9,FORM!$B$2:$B459,G$2,FORM!$A$2:$A459,">"&$B13+0.5,FORM!$A$2:$A459,"<"&$B13+1.5) -> 0 | H13: =sumifs(FORM!$D$2:$D459,FORM!$C$2:$C459,TODAY!$B$10,FORM!$B$2:$B459,H$2,FORM!$A$2:$A459,">"&$B13+0.5,FORM!$A$2:$A459,"<"&$B13+1.5)-sumifs(FORM!$D$2:$D459,FORM!$C$2:$C459,TODAY!$B$9,FORM!$B$2:$B459,H$2,FORM!$A$2:$A459,">"&$B13+0.5,FORM!$A$2:$A459,"<"&$B13+1.5) -> -1910 | I13: =sumifs(FORM!$D$2:$D459,FORM!$C$2:$C459,TODAY!$B$10,FORM!$B$2:$B459,I$2,FORM!$A$2:$A459,">"&$B13+0.5,FORM!$A$2:$A459,"<"&$B13+1.5)-sumifs(FORM!$D$2:$D459,FORM!$C$2:$C459,TODAY!$B$9,FORM!$B$2:$B459,I$2,FORM!$A$2:$A459,">"&$B13+0.5,FORM!$A$2:$A459,"<"&$B13+1.5) -> -20 | J13: =sumifs(FORM!$D$2:$D459,FORM!$C$2:$C459,TODAY!$B$10,FORM!$B$2:$B459,J$2,FORM!$A$2:$A459,">"&$B13+0.5,FORM!$A$2:$A459,"<"&$B13+1.5)-sumifs(FORM!$D$2:$D459,FORM!$C$2:$C459,TODAY!$B$9,FORM!$B$2:$B459,J$2,FORM!$A$2:$A459,">"&$B13+0.5,FORM!$A$2:$A459,"<"&$B13+1.5) -> 1000 | K13: =sumifs(FORM!$D$2:$D459,FORM!$C$2:$C459,TODAY!$B$10,FORM!$B$2:$B459,K$2,FORM!$A$2:$A459,">"&$B13+0.5,FORM!$A$2:$A459,"<"&$B13+1.5)-sumifs(FORM!$D$2:$D459,FORM!$C$2:$C459,TODAY!$B$9,FORM!$B$2:$B459,K$2,FORM!$A$2:$A459,">"&$B13+0.5,FORM!$A$2:$A459,"<"&$B13+1.5) -> 0 | ... P13: =sumifs(FORM!$D$2:$D459,FORM!$C$2:$C459,TODAY!$B$10,FORM!$B$2:$B459,P$2,FORM!$A$2:$A459,">"&$B13+0.5,FORM!$A$2:$A459,"<"&$B13+1.5)-sumifs(FORM!$D$2:$D459,FORM!$C$2:$C459,TODAY!$B$9,FORM!$B$2:$B459,P$2,FORM!$A$2:$A459,">"&$B13+0.5,FORM!$A$2:$A459,"<"&$B13+1.5) -> 0 | Q13: 0 | R13: 0 | S13: 0 | T13: 0 | U13: =if(or($C13="",U$2=""),"",(sumifs(FORM!$D$2:$D459,FORM!$C$2:$C459,TODAY!$B$10,FORM!$B$2:$B459,U$2,FORM!$A$2:$A459,">"&$B13+0.5,FORM!$A$2:$A459,"<"&$B13+1.5)-sumifs(FORM!$D$2:$D459,FORM!$C$2:$C459,TODAY!$B$9,FORM!$B$2:$B459,U$2,FORM!$A$2:$A459,">"&$B13+0.5,FORM!$A$2:$A459,"<"&$B13+1.5))/$C13) -> 0
B14: 44919 | C14: 10 | D14: =sumifs(FORM!$D$2:$D459,FORM!$C$2:$C459,TODAY!$B$10,FORM!$B$2:$B459,D$2,FORM!$A$2:$A459,">"&$B14+0.5,FORM!$A$2:$A459,"<"&$B14+1.5)-sumifs(FORM!$D$2:$D459,FORM!$C$2:$C459,TODAY!$B$9,FORM!$B$2:$B459,D$2,FORM!$A$2:$A459,">"&$B14+0.5,FORM!$A$2:$A459,"<"&$B14+1.5) -> 485 | E14: =sumifs(FORM!$D$2:$D459,FORM!$C$2:$C459,TODAY!$B$10,FORM!$B$2:$B459,E$2,FORM!$A$2:$A459,">"&$B14+0.5,FORM!$A$2:$A459,"<"&$B14+1.5)-sumifs(FORM!$D$2:$D459,FORM!$C$2:$C459,TODAY!$B$9,FORM!$B$2:$B459,E$2,FORM!$A$2:$A459,">"&$B14+0.5,FORM!$A$2:$A459,"<"&$B14+1.5) -> 480 | F14: =sumifs(FORM!$D$2:$D459,FORM!$C$2:$C459,TODAY!$B$10,FORM!$B$2:$B459,F$2,FORM!$A$2:$A459,">"&$B14+0.5,FORM!$A$2:$A459,"<"&$B14+1.5)-sumifs(FORM!$D$2:$D459,FORM!$C$2:$C459,TODAY!$B$9,FORM!$B$2:$B459,F$2,FORM!$A$2:$A459,">"&$B14+0.5,FORM!$A$2:$A459,"<"&$B14+1.5) -> -409 | G14: =sumifs(FORM!$D$2:$D459,FORM!$C$2:$C459,TODAY!$B$10,FORM!$B$2:$B459,G$2,FORM!$A$2:$A459,">"&$B14+0.5,FORM!$A$2:$A459,"<"&$B14+1.5)-sumifs(FORM!$D$2:$D459,FORM!$C$2:$C459,TODAY!$B$9,FORM!$B$2:$B459,G$2,FORM!$A$2:$A459,">"&$B14+0.5,FORM!$A$2:$A459,"<"&$B14+1.5) -> -19 | H14: =sumifs(FORM!$D$2:$D459,FORM!$C$2:$C459,TODAY!$B$10,FORM!$B$2:$B459,H$2,FORM!$A$2:$A459,">"&$B14+0.5,FORM!$A$2:$A459,"<"&$B14+1.5)-sumifs(FORM!$D$2:$D459,FORM!$C$2:$C459,TODAY!$B$9,FORM!$B$2:$B459,H$2,FORM!$A$2:$A459,">"&$B14+0.5,FORM!$A$2:$A459,"<"&$B14+1.5) -> -480 | I14: =sumifs(FORM!$D$2:$D459,FORM!$C$2:$C459,TODAY!$B$10,FORM!$B$2:$B459,I$2,FORM!$A$2:$A459,">"&$B14+0.5,FORM!$A$2:$A459,"<"&$B14+1.5)-sumifs(FORM!$D$2:$D459,FORM!$C$2:$C459,TODAY!$B$9,FORM!$B$2:$B459,I$2,FORM!$A$2:$A459,">"&$B14+0.5,FORM!$A$2:$A459,"<"&$B14+1.5) -> 709 | J14: =sumifs(FORM!$D$2:$D459,FORM!$C$2:$C459,TODAY!$B$10,FORM!$B$2:$B459,J$2,FORM!$A$2:$A459,">"&$B14+0.5,FORM!$A$2:$A459,"<"&$B14+1.5)-sumifs(FORM!$D$2:$D459,FORM!$C$2:$C459,TODAY!$B$9,FORM!$B$2:$B459,J$2,FORM!$A$2:$A459,">"&$B14+0.5,FORM!$A$2:$A459,"<"&$B14+1.5) -> -766 | K14: =sumifs(FORM!$D$2:$D459,FORM!$C$2:$C459,TODAY!$B$10,FORM!$B$2:$B459,K$2,FORM!$A$2:$A459,">"&$B14+0.5,FORM!$A$2:$A459,"<"&$B14+1.5)-sumifs(FORM!$D$2:$D459,FORM!$C$2:$C459,TODAY!$B$9,FORM!$B$2:$B459,K$2,FORM!$A$2:$A459,">"&$B14+0.5,FORM!$A$2:$A459,"<"&$B14+1.5) -> 0 | ... P14: =sumifs(FORM!$D$2:$D459,FORM!$C$2:$C459,TODAY!$B$10,FORM!$B$2:$B459,P$2,FORM!$A$2:$A459,">"&$B14+0.5,FORM!$A$2:$A459,"<"&$B14+1.5)-sumifs(FORM!$D$2:$D459,FORM!$C$2:$C459,TODAY!$B$9,FORM!$B$2:$B459,P$2,FORM!$A$2:$A459,">"&$B14+0.5,FORM!$A$2:$A459,"<"&$B14+1.5) -> 0 | Q14: 0 | R14: 0 | S14: 0 | T14: 0 | U14: =if(or($C14="",U$2=""),"",(sumifs(FORM!$D$2:$D459,FORM!$C$2:$C459,TODAY!$B$10,FORM!$B$2:$B459,U$2,FORM!$A$2:$A459,">"&$B14+0.5,FORM!$A$2:$A459,"<"&$B14+1.5)-sumifs(FORM!$D$2:$D459,FORM!$C$2:$C459,TODAY!$B$9,FORM!$B$2:$B459,U$2,FORM!$A$2:$A459,">"&$B14+0.5,FORM!$A$2:$A459,"<"&$B14+1.5))/$C14) -> 0
B15: 44926 | C15: 10 | D15: =sumifs(FORM!$D$2:$D459,FORM!$C$2:$C459,TODAY!$B$10,FORM!$B$2:$B459,D$2,FORM!$A$2:$A459,">"&$B15+0.5,FORM!$A$2:$A459,"<"&$B15+1.5)-sumifs(FORM!$D$2:$D459,FORM!$C$2:$C459,TODAY!$B$9,FORM!$B$2:$B459,D$2,FORM!$A$2:$A459,">"&$B15+0.5,FORM!$A$2:$A459,"<"&$B15+1.5) -> 520 | E15: =sumifs(FORM!$D$2:$D459,FORM!$C$2:$C459,TODAY!$B$10,FORM!$B$2:$B459,E$2,FORM!$A$2:$A459,">"&$B15+0.5,FORM!$A$2:$A459,"<"&$B15+1.5)-sumifs(FORM!$D$2:$D459,FORM!$C$2:$C459,TODAY!$B$9,FORM!$B$2:$B459,E$2,FORM!$A$2:$A459,">"&$B15+0.5,FORM!$A$2:$A459,"<"&$B15+1.5) -> -238 | F15: =sumifs(FORM!$D$2:$D459,FORM!$C$2:$C459,TODAY!$B$10,FORM!$B$2:$B459,F$2,FORM!$A$2:$A459,">"&$B15+0.5,FORM!$A$2:$A459,"<"&$B15+1.5)-sumifs(FORM!$D$2:$D459,FORM!$C$2:$C459,TODAY!$B$9,FORM!$B$2:$B459,F$2,FORM!$A$2:$A459,">"&$B15+0.5,FORM!$A$2:$A459,"<"&$B15+1.5) -> -24 | G15: =sumifs(FORM!$D$2:$D459,FORM!$C$2:$C459,TODAY!$B$10,FORM!$B$2:$B459,G$2,FORM!$A$2:$A459,">"&$B15+0.5,FORM!$A$2:$A459,"<"&$B15+1.5)-sumifs(FORM!$D$2:$D459,FORM!$C$2:$C459,TODAY!$B$9,FORM!$B$2:$B459,G$2,FORM!$A$2:$A459,">"&$B15+0.5,FORM!$A$2:$A459,"<"&$B15+1.5) -> 0 | H15: =sumifs(FORM!$D$2:$D459,FORM!$C$2:$C459,TODAY!$B$10,FORM!$B$2:$B459,H$2,FORM!$A$2:$A459,">"&$B15+0.5,FORM!$A$2:$A459,"<"&$B15+1.5)-sumifs(FORM!$D$2:$D459,FORM!$C$2:$C459,TODAY!$B$9,FORM!$B$2:$B459,H$2,FORM!$A$2:$A459,">"&$B15+0.5,FORM!$A$2:$A459,"<"&$B15+1.5) -> 13 | I15: =sumifs(FORM!$D$2:$D459,FORM!$C$2:$C459,TODAY!$B$10,FORM!$B$2:$B459,I$2,FORM!$A$2:$A459,">"&$B15+0.5,FORM!$A$2:$A459,"<"&$B15+1.5)-sumifs(FORM!$D$2:$D459,FORM!$C$2:$C459,TODAY!$B$9,FORM!$B$2:$B459,I$2,FORM!$A$2:$A459,">"&$B15+0.5,FORM!$A$2:$A459,"<"&$B15+1.5) -> -271 | J15: =sumifs(FORM!$D$2:$D459,FORM!$C$2:$C459,TODAY!$B$10,FORM!$B$2:$B459,J$2,FORM!$A$2:$A459,">"&$B15+0.5,FORM!$A$2:$A459,"<"&$B15+1.5)-sumifs(FORM!$D$2:$D459,FORM!$C$2:$C459,TODAY!$B$9,FORM!$B$2:$B459,J$2,FORM!$A$2:$A459,">"&$B15+0.5,FORM!$A$2:$A459,"<"&$B15+1.5) -> 0 | K15: =sumifs(FORM!$D$2:$D459,FORM!$C$2:$C459,TODAY!$B$10,FORM!$B$2:$B459,K$2,FORM!$A$2:$A459,">"&$B15+0.5,FORM!$A$2:$A459,"<"&$B15+1.5)-sumifs(FORM!$D$2:$D459,FORM!$C$2:$C459,TODAY!$B$9,FORM!$B$2:$B459,K$2,FORM!$A$2:$A459,">"&$B15+0.5,FORM!$A$2:$A459,"<"&$B15+1.5) -> 0 | ... P15: =sumifs(FORM!$D$2:$D459,FORM!$C$2:$C459,TODAY!$B$10,FORM!$B$2:$B459,P$2,FORM!$A$2:$A459,">"&$B15+0.5,FORM!$A$2:$A459,"<"&$B15+1.5)-sumifs(FORM!$D$2:$D459,FORM!$C$2:$C459,TODAY!$B$9,FORM!$B$2:$B459,P$2,FORM!$A$2:$A459,">"&$B15+0.5,FORM!$A$2:$A459,"<"&$B15+1.5) -> 0 | Q15: 0 | R15: 0 | S15: 0 | T15: 0 | U15: =if(or($C15="",U$2=""),"",(sumifs(FORM!$D$2:$D459,FORM!$C$2:$C459,TODAY!$B$10,FORM!$B$2:$B459,U$2,FORM!$A$2:$A459,">"&$B15+0.5,FORM!$A$2:$A459,"<"&$B15+1.5)-sumifs(FORM!$D$2:$D459,FORM!$C$2:$C459,TODAY!$B$9,FORM!$B$2:$B459,U$2,FORM!$A$2:$A459,">"&$B15+0.5,FORM!$A$2:$A459,"<"&$B15+1.5))/$C15) -> 0
B16: 44927 | C16: 10 | D16: =sumifs(FORM!$D$2:$D459,FORM!$C$2:$C459,TODAY!$B$10,FORM!$B$2:$B459,D$2,FORM!$A$2:$A459,">"&$B16+0.5,FORM!$A$2:$A459,"<"&$B16+1.5)-sumifs(FORM!$D$2:$D459,FORM!$C$2:$C459,TODAY!$B$9,FORM!$B$2:$B459,D$2,FORM!$A$2:$A459,">"&$B16+0.5,FORM!$A$2:$A459,"<"&$B16+1.5) -> -182 | E16: =sumifs(FORM!$D$2:$D459,FORM!$C$2:$C459,TODAY!$B$10,FORM!$B$2:$B459,E$2,FORM!$A$2:$A459,">"&$B16+0.5,FORM!$A$2:$A459,"<"&$B16+1.5)-sumifs(FORM!$D$2:$D459,FORM!$C$2:$C459,TODAY!$B$9,FORM!$B$2:$B459,E$2,FORM!$A$2:$A459,">"&$B16+0.5,FORM!$A$2:$A459,"<"&$B16+1.5) -> 241 | F16: =sumifs(FORM!$D$2:$D459,FORM!$C$2:$C459,TODAY!$B$10,FORM!$B$2:$B459,F$2,FORM!$A$2:$A459,">"&$B16+0.5,FORM!$A$2:$A459,"<"&$B16+1.5)-sumifs(FORM!$D$2:$D459,FORM!$C$2:$C459,TODAY!$B$9,FORM!$B$2:$B459,F$2,FORM!$A$2:$A459,">"&$B16+0.5,FORM!$A$2:$A459,"<"&$B16+1.5) -> 651 | G16: =sumifs(FORM!$D$2:$D459,FORM!$C$2:$C459,TODAY!$B$10,FORM!$B$2:$B459,G$2,FORM!$A$2:$A459,">"&$B16+0.5,FORM!$A$2:$A459,"<"&$B16+1.5)-sumifs(FORM!$D$2:$D459,FORM!$C$2:$C459,TODAY!$B$9,FORM!$B$2:$B459,G$2,FORM!$A$2:$A459,">"&$B16+0.5,FORM!$A$2:$A459,"<"&$B16+1.5) -> 0 | H16: =sumifs(FORM!$D$2:$D459,FORM!$C$2:$C459,TODAY!$B$10,FORM!$B$2:$B459,H$2,FORM!$A$2:$A459,">"&$B16+0.5,FORM!$A$2:$A459,"<"&$B16+1.5)-sumifs(FORM!$D$2:$D459,FORM!$C$2:$C459,TODAY!$B$9,FORM!$B$2:$B459,H$2,FORM!$A$2:$A459,">"&$B16+0.5,FORM!$A$2:$A459,"<"&$B16+1.5) -> -515 | I16: =sumifs(FORM!$D$2:$D459,FORM!$C$2:$C459,TODAY!$B$10,FORM!$B$2:$B459,I$2,FORM!$A$2:$A459,">"&$B16+0.5,FORM!$A$2:$A459,"<"&$B16+1.5)-sumifs(FORM!$D$2:$D459,FORM!$C$2:$C459,TODAY!$B$9,FORM!$B$2:$B459,I$2,FORM!$A$2:$A459,">"&$B16+0.5,FORM!$A$2:$A459,"<"&$B16+1.5) -> -195 | J16: =sumifs(FORM!$D$2:$D459,FORM!$C$2:$C459,TODAY!$B$10,FORM!$B$2:$B459,J$2,FORM!$A$2:$A459,">"&$B16+0.5,FORM!$A$2:$A459,"<"&$B16+1.5)-sumifs(FORM!$D$2:$D459,FORM!$C$2:$C459,TODAY!$B$9,FORM!$B$2:$B459,J$2,FORM!$A$2:$A459,">"&$B16+0.5,FORM!$A$2:$A459,"<"&$B16+1.5) -> 0 | K16: =sumifs(FORM!$D$2:$D459,FORM!$C$2:$C459,TODAY!$B$10,FORM!$B$2:$B459,K$2,FORM!$A$2:$A459,">"&$B16+0.5,FORM!$A$2:$A459,"<"&$B16+1.5)-sumifs(FORM!$D$2:$D459,FORM!$C$2:$C459,TODAY!$B$9,FORM!$B$2:$B459,K$2,FORM!$A$2:$A459,">"&$B16+0.5,FORM!$A$2:$A459,"<"&$B16+1.5) -> 0 | ... P16: =sumifs(FORM!$D$2:$D459,FORM!$C$2:$C459,TODAY!$B$10,FORM!$B$2:$B459,P$2,FORM!$A$2:$A459,">"&$B16+0.5,FORM!$A$2:$A459,"<"&$B16+1.5)-sumifs(FORM!$D$2:$D459,FORM!$C$2:$C459,TODAY!$B$9,FORM!$B$2:$B459,P$2,FORM!$A$2:$A459,">"&$B16+0.5,FORM!$A$2:$A459,"<"&$B16+1.5) -> 0 | Q16: 0 | R16: 0 | S16: 0 | T16: 0 | U16: =if(or($C16="",U$2=""),"",(sumifs(FORM!$D$2:$D459,FORM!$C$2:$C459,TODAY!$B$10,FORM!$B$2:$B459,U$2,FORM!$A$2:$A459,">"&$B16+0.5,FORM!$A$2:$A459,"<"&$B16+1.5)-sumifs(FORM!$D$2:$D459,FORM!$C$2:$C459,TODAY!$B$9,FORM!$B$2:$B459,U$2,FORM!$A$2:$A459,">"&$B16+0.5,FORM!$A$2:$A459,"<"&$B16+1.5))/$C16) -> 0
B17: 44932 | C17: 10 | D17: =sumifs(FORM!$D$2:$D459,FORM!$C$2:$C459,TODAY!$B$10,FORM!$B$2:$B459,D$2,FORM!$A$2:$A459,">"&$B17+0.5,FORM!$A$2:$A459,"<"&$B17+1.5)-sumifs(FORM!$D$2:$D459,FORM!$C$2:$C459,TODAY!$B$9,FORM!$B$2:$B459,D$2,FORM!$A$2:$A459,">"&$B17+0.5,FORM!$A$2:$A459,"<"&$B17+1.5) -> 240 | E17: =sumifs(FORM!$D$2:$D459,FORM!$C$2:$C459,TODAY!$B$10,FORM!$B$2:$B459,E$2,FORM!$A$2:$A459,">"&$B17+0.5,FORM!$A$2:$A459,"<"&$B17+1.5)-sumifs(FORM!$D$2:$D459,FORM!$C$2:$C459,TODAY!$B$9,FORM!$B$2:$B459,E$2,FORM!$A$2:$A459,">"&$B17+0.5,FORM!$A$2:$A459,"<"&$B17+1.5) -> -238 | F17: =sumifs(FORM!$D$2:$D459,FORM!$C$2:$C459,TODAY!$B$10,FORM!$B$2:$B459,F$2,FORM!$A$2:$A459,">"&$B17+0.5,FORM!$A$2:$A459,"<"&$B17+1.5)-sumifs(FORM!$D$2:$D459,FORM!$C$2:$C459,TODAY!$B$9,FORM!$B$2:$B459,F$2,FORM!$A$2:$A459,">"&$B17+0.5,FORM!$A$2:$A459,"<"&$B17+1.5) -> 191 | G17: =sumifs(FORM!$D$2:$D459,FORM!$C$2:$C459,TODAY!$B$10,FORM!$B$2:$B459,G$2,FORM!$A$2:$A459,">"&$B17+0.5,FORM!$A$2:$A459,"<"&$B17+1.5)-sumifs(FORM!$D$2:$D459,FORM!$C$2:$C459,TODAY!$B$9,FORM!$B$2:$B459,G$2,FORM!$A$2:$A459,">"&$B17+0.5,FORM!$A$2:$A459,"<"&$B17+1.5) -> 0 | H17: =sumifs(FORM!$D$2:$D459,FORM!$C$2:$C459,TODAY!$B$10,FORM!$B$2:$B459,H$2,FORM!$A$2:$A459,">"&$B17+0.5,FORM!$A$2:$A459,"<"&$B17+1.5)-sumifs(FORM!$D$2:$D459,FORM!$C$2:$C459,TODAY!$B$9,FORM!$B$2:$B459,H$2,FORM!$A$2:$A459,">"&$B17+0.5,FORM!$A$2:$A459,"<"&$B17+1.5) -> -193 | I17: =sumifs(FORM!$D$2:$D459,FORM!$C$2:$C459,TODAY!$B$10,FORM!$B$2:$B459,I$2,FORM!$A$2:$A459,">"&$B17+0.5,FORM!$A$2:$A459,"<"&$B17+1.5)-sumifs(FORM!$D$2:$D459,FORM!$C$2:$C459,TODAY!$B$9,FORM!$B$2:$B459,I$2,FORM!$A$2:$A459,">"&$B17+0.5,FORM!$A$2:$A459,"<"&$B17+1.5) -> 0 | J17: =sumifs(FORM!$D$2:$D459,FORM!$C$2:$C459,TODAY!$B$10,FORM!$B$2:$B459,J$2,FORM!$A$2:$A459,">"&$B17+0.5,FORM!$A$2:$A459,"<"&$B17+1.5)-sumifs(FORM!$D$2:$D459,FORM!$C$2:$C459,TODAY!$B$9,FORM!$B$2:$B459,J$2,FORM!$A$2:$A459,">"&$B17+0.5,FORM!$A$2:$A459,"<"&$B17+1.5) -> 0 | K17: =sumifs(FORM!$D$2:$D459,FORM!$C$2:$C459,TODAY!$B$10,FORM!$B$2:$B459,K$2,FORM!$A$2:$A459,">"&$B17+0.5,FORM!$A$2:$A459,"<"&$B17+1.5)-sumifs(FORM!$D$2:$D459,FORM!$C$2:$C459,TODAY!$B$9,FORM!$B$2:$B459,K$2,FORM!$A$2:$A459,">"&$B17+0.5,FORM!$A$2:$A459,"<"&$B17+1.5) -> 0 | ... P17: =sumifs(FORM!$D$2:$D459,FORM!$C$2:$C459,TODAY!$B$10,FORM!$B$2:$B459,P$2,FORM!$A$2:$A459,">"&$B17+0.5,FORM!$A$2:$A459,"<"&$B17+1.5)-sumifs(FORM!$D$2:$D459,FORM!$C$2:$C459,TODAY!$B$9,FORM!$B$2:$B459,P$2,FORM!$A$2:$A459,">"&$B17+0.5,FORM!$A$2:$A459,"<"&$B17+1.5) -> 0 | Q17: 0 | R17: 0 | S17: 0 | T17: 0 | U17: =if(or($C17="",U$2=""),"",(sumifs(FORM!$D$2:$D459,FORM!$C$2:$C459,TODAY!$B$10,FORM!$B$2:$B459,U$2,FORM!$A$2:$A459,">"&$B17+0.5,FORM!$A$2:$A459,"<"&$B17+1.5)-sumifs(FORM!$D$2:$D459,FORM!$C$2:$C459,TODAY!$B$9,FORM!$B$2:$B459,U$2,FORM!$A$2:$A459,">"&$B17+0.5,FORM!$A$2:$A459,"<"&$B17+1.5))/$C17) -> 0
B18: 44933 | C18: 10 | D18: =sumifs(FORM!$D$2:$D459,FORM!$C$2:$C459,TODAY!$B$10,FORM!$B$2:$B459,D$2,FORM!$A$2:$A459,">"&$B18+0.5,FORM!$A$2:$A459,"<"&$B18+1.5)-sumifs(FORM!$D$2:$D459,FORM!$C$2:$C459,TODAY!$B$9,FORM!$B$2:$B459,D$2,FORM!$A$2:$A459,">"&$B18+0.5,FORM!$A$2:$A459,"<"&$B18+1.5) -> -229 | E18: =sumifs(FORM!$D$2:$D459,FORM!$C$2:$C459,TODAY!$B$10,FORM!$B$2:$B459,E$2,FORM!$A$2:$A459,">"&$B18+0.5,FORM!$A$2:$A459,"<"&$B18+1.5)-sumifs(FORM!$D$2:$D459,FORM!$C$2:$C459,TODAY!$B$9,FORM!$B$2:$B459,E$2,FORM!$A$2:$A459,">"&$B18+0.5,FORM!$A$2:$A459,"<"&$B18+1.5) -> 479 | F18: =sumifs(FORM!$D$2:$D459,FORM!$C$2:$C459,TODAY!$B$10,FORM!$B$2:$B459,F$2,FORM!$A$2:$A459,">"&$B18+0.5,FORM!$A$2:$A459,"<"&$B18+1.5)-sumifs(FORM!$D$2:$D459,FORM!$C$2:$C459,TODAY!$B$9,FORM!$B$2:$B459,F$2,FORM!$A$2:$A459,">"&$B18+0.5,FORM!$A$2:$A459,"<"&$B18+1.5) -> 47 | G18: =sumifs(FORM!$D$2:$D459,FORM!$C$2:$C459,TODAY!$B$10,FORM!$B$2:$B459,G$2,FORM!$A$2:$A459,">"&$B18+0.5,FORM!$A$2:$A459,"<"&$B18+1.5)-sumifs(FORM!$D$2:$D459,FORM!$C$2:$C459,TODAY!$B$9,FORM!$B$2:$B459,G$2,FORM!$A$2:$A459,">"&$B18+0.5,FORM!$A$2:$A459,"<"&$B18+1.5) -> 0 | H18: =sumifs(FORM!$D$2:$D459,FORM!$C$2:$C459,TODAY!$B$10,FORM!$B$2:$B459,H$2,FORM!$A$2:$A459,">"&$B18+0.5,FORM!$A$2:$A459,"<"&$B18+1.5)-sumifs(FORM!$D$2:$D459,FORM!$C$2:$C459,TODAY!$B$9,FORM!$B$2:$B459,H$2,FORM!$A$2:$A459,">"&$B18+0.5,FORM!$A$2:$A459,"<"&$B18+1.5) -> -535 | I18: =sumifs(FORM!$D$2:$D459,FORM!$C$2:$C459,TODAY!$B$10,FORM!$B$2:$B459,I$2,FORM!$A$2:$A459,">"&$B18+0.5,FORM!$A$2:$A459,"<"&$B18+1.5)-sumifs(FORM!$D$2:$D459,FORM!$C$2:$C459,TODAY!$B$9,FORM!$B$2:$B459,I$2,FORM!$A$2:$A459,">"&$B18+0.5,FORM!$A$2:$A459,"<"&$B18+1.5) -> 0 | J18: =sumifs(FORM!$D$2:$D459,FORM!$C$2:$C459,TODAY!$B$10,FORM!$B$2:$B459,J$2,FORM!$A$2:$A459,">"&$B18+0.5,FORM!$A$2:$A459,"<"&$B18+1.5)-sumifs(FORM!$D$2:$D459,FORM!$C$2:$C459,TODAY!$B$9,FORM!$B$2:$B459,J$2,FORM!$A$2:$A459,">"&$B18+0.5,FORM!$A$2:$A459,"<"&$B18+1.5) -> 290 | K18: =sumifs(FORM!$D$2:$D459,FORM!$C$2:$C459,TODAY!$B$10,FORM!$B$2:$B459,K$2,FORM!$A$2:$A459,">"&$B18+0.5,FORM!$A$2:$A459,"<"&$B18+1.5)-sumifs(FORM!$D$2:$D459,FORM!$C$2:$C459,TODAY!$B$9,FORM!$B$2:$B459,K$2,FORM!$A$2:$A459,">"&$B18+0.5,FORM!$A$2:$A459,"<"&$B18+1.5) -> 0 | ... P18: =sumifs(FORM!$D$2:$D459,FORM!$C$2:$C459,TODAY!$B$10,FORM!$B$2:$B459,P$2,FORM!$A$2:$A459,">"&$B18+0.5,FORM!$A$2:$A459,"<"&$B18+1.5)-sumifs(FORM!$D$2:$D459,FORM!$C$2:$C459,TODAY!$B$9,FORM!$B$2:$B459,P$2,FORM!$A$2:$A459,">"&$B18+0.5,FORM!$A$2:$A459,"<"&$B18+1.5) -> 0 | Q18: 0 | R18: 0 | S18: 0 | T18: 0 | U18: =if(or($C18="",U$2=""),"",(sumifs(FORM!$D$2:$D459,FORM!$C$2:$C459,TODAY!$B$10,FORM!$B$2:$B459,U$2,FORM!$A$2:$A459,">"&$B18+0.5,FORM!$A$2:$A459,"<"&$B18+1.5)-sumifs(FORM!$D$2:$D459,FORM!$C$2:$C459,TODAY!$B$9,FORM!$B$2:$B459,U$2,FORM!$A$2:$A459,">"&$B18+0.5,FORM!$A$2:$A459,"<"&$B18+1.5))/$C18) -> 0
B19: 44939 | C19: 10 | D19: =sumifs(FORM!$D$2:$D459,FORM!$C$2:$C459,TODAY!$B$10,FORM!$B$2:$B459,D$2,FORM!$A$2:$A459,">"&$B19+0.5,FORM!$A$2:$A459,"<"&$B19+1.5)-sumifs(FORM!$D$2:$D459,FORM!$C$2:$C459,TODAY!$B$9,FORM!$B$2:$B459,D$2,FORM!$A$2:$A459,">"&$B19+0.5,FORM!$A$2:$A459,"<"&$B19+1.5) -> 256 | E19: =sumifs(FORM!$D$2:$D459,FORM!$C$2:$C459,TODAY!$B$10,FORM!$B$2:$B459,E$2,FORM!$A$2:$A459,">"&$B19+0.5,FORM!$A$2:$A459,"<"&$B19+1.5)-sumifs(FORM!$D$2:$D459,FORM!$C$2:$C459,TODAY!$B$9,FORM!$B$2:$B459,E$2,FORM!$A$2:$A459,">"&$B19+0.5,FORM!$A$2:$A459,"<"&$B19+1.5) -> -123 | F19: =sumifs(FORM!$D$2:$D459,FORM!$C$2:$C459,TODAY!$B$10,FORM!$B$2:$B459,F$2,FORM!$A$2:$A459,">"&$B19+0.5,FORM!$A$2:$A459,"<"&$B19+1.5)-sumifs(FORM!$D$2:$D459,FORM!$C$2:$C459,TODAY!$B$9,FORM!$B$2:$B459,F$2,FORM!$A$2:$A459,">"&$B19+0.5,FORM!$A$2:$A459,"<"&$B19+1.5) -> -100 | G19: =sumifs(FORM!$D$2:$D459,FORM!$C$2:$C459,TODAY!$B$10,FORM!$B$2:$B459,G$2,FORM!$A$2:$A459,">"&$B19+0.5,FORM!$A$2:$A459,"<"&$B19+1.5)-sumifs(FORM!$D$2:$D459,FORM!$C$2:$C459,TODAY!$B$9,FORM!$B$2:$B459,G$2,FORM!$A$2:$A459,">"&$B19+0.5,FORM!$A$2:$A459,"<"&$B19+1.5) -> 0 | H19: =sumifs(FORM!$D$2:$D459,FORM!$C$2:$C459,TODAY!$B$10,FORM!$B$2:$B459,H$2,FORM!$A$2:$A459,">"&$B19+0.5,FORM!$A$2:$A459,"<"&$B19+1.5)-sumifs(FORM!$D$2:$D459,FORM!$C$2:$C459,TODAY!$B$9,FORM!$B$2:$B459,H$2,FORM!$A$2:$A459,">"&$B19+0.5,FORM!$A$2:$A459,"<"&$B19+1.5) -> 320 | I19: =sumifs(FORM!$D$2:$D459,FORM!$C$2:$C459,TODAY!$B$10,FORM!$B$2:$B459,I$2,FORM!$A$2:$A459,">"&$B19+0.5,FORM!$A$2:$A459,"<"&$B19+1.5)-sumifs(FORM!$D$2:$D459,FORM!$C$2:$C459,TODAY!$B$9,FORM!$B$2:$B459,I$2,FORM!$A$2:$A459,">"&$B19+0.5,FORM!$A$2:$A459,"<"&$B19+1.5) -> 0 | J19: =sumifs(FORM!$D$2:$D459,FORM!$C$2:$C459,TODAY!$B$10,FORM!$B$2:$B459,J$2,FORM!$A$2:$A459,">"&$B19+0.5,FORM!$A$2:$A459,"<"&$B19+1.5)-sumifs(FORM!$D$2:$D459,FORM!$C$2:$C459,TODAY!$B$9,FORM!$B$2:$B459,J$2,FORM!$A$2:$A459,">"&$B19+0.5,FORM!$A$2:$A459,"<"&$B19+1.5) -> -353 | K19: =sumifs(FORM!$D$2:$D459,FORM!$C$2:$C459,TODAY!$B$10,FORM!$B$2:$B459,K$2,FORM!$A$2:$A459,">"&$B19+0.5,FORM!$A$2:$A459,"<"&$B19+1.5)-sumifs(FORM!$D$2:$D459,FORM!$C$2:$C459,TODAY!$B$9,FORM!$B$2:$B459,K$2,FORM!$A$2:$A459,">"&$B19+0.5,FORM!$A$2:$A459,"<"&$B19+1.5) -> 0 | ... P19: =sumifs(FORM!$D$2:$D459,FORM!$C$2:$C459,TODAY!$B$10,FORM!$B$2:$B459,P$2,FORM!$A$2:$A459,">"&$B19+0.5,FORM!$A$2:$A459,"<"&$B19+1.5)-sumifs(FORM!$D$2:$D459,FORM!$C$2:$C459,TODAY!$B$9,FORM!$B$2:$B459,P$2,FORM!$A$2:$A459,">"&$B19+0.5,FORM!$A$2:$A459,"<"&$B19+1.5) -> 0 | Q19: 0 | R19: 0 | S19: 0 | T19: 0 | U19: =if(or($C19="",U$2=""),"",(sumifs(FORM!$D$2:$D459,FORM!$C$2:$C459,TODAY!$B$10,FORM!$B$2:$B459,U$2,FORM!$A$2:$A459,">"&$B19+0.5,FORM!$A$2:$A459,"<"&$B19+1.5)-sumifs(FORM!$D$2:$D459,FORM!$C$2:$C459,TODAY!$B$9,FORM!$B$2:$B459,U$2,FORM!$A$2:$A459,">"&$B19+0.5,FORM!$A$2:$A459,"<"&$B19+1.5))/$C19) -> 0
B20: 44940 | C20: 1 | D20: =sumifs(FORM!$D$2:$D459,FORM!$C$2:$C459,TODAY!$B$10,FORM!$B$2:$B459,D$2,FORM!$A$2:$A459,">"&$B20+0.5,FORM!$A$2:$A459,"<"&$B20+1.5)-sumifs(FORM!$D$2:$D459,FORM!$C$2:$C459,TODAY!$B$9,FORM!$B$2:$B459,D$2,FORM!$A$2:$A459,">"&$B20+0.5,FORM!$A$2:$A459,"<"&$B20+1.5) -> 4260 | E20: =sumifs(FORM!$D$2:$D459,FORM!$C$2:$C459,TODAY!$B$10,FORM!$B$2:$B459,E$2,FORM!$A$2:$A459,">"&$B20+0.5,FORM!$A$2:$A459,"<"&$B20+1.5)-sumifs(FORM!$D$2:$D459,FORM!$C$2:$C459,TODAY!$B$9,FORM!$B$2:$B459,E$2,FORM!$A$2:$A459,">"&$B20+0.5,FORM!$A$2:$A459,"<"&$B20+1.5) -> 0 | F20: =sumifs(FORM!$D$2:$D459,FORM!$C$2:$C459,TODAY!$B$10,FORM!$B$2:$B459,F$2,FORM!$A$2:$A459,">"&$B20+0.5,FORM!$A$2:$A459,"<"&$B20+1.5)-sumifs(FORM!$D$2:$D459,FORM!$C$2:$C459,TODAY!$B$9,FORM!$B$2:$B459,F$2,FORM!$A$2:$A459,">"&$B20+0.5,FORM!$A$2:$A459,"<"&$B20+1.5) -> 200 | G20: =sumifs(FORM!$D$2:$D459,FORM!$C$2:$C459,TODAY!$B$10,FORM!$B$2:$B459,G$2,FORM!$A$2:$A459,">"&$B20+0.5,FORM!$A$2:$A459,"<"&$B20+1.5)-sumifs(FORM!$D$2:$D459,FORM!$C$2:$C459,TODAY!$B$9,FORM!$B$2:$B459,G$2,FORM!$A$2:$A459,">"&$B20+0.5,FORM!$A$2:$A459,"<"&$B20+1.5) -> 0 | H20: =sumifs(FORM!$D$2:$D459,FORM!$C$2:$C459,TODAY!$B$10,FORM!$B$2:$B459,H$2,FORM!$A$2:$A459,">"&$B20+0.5,FORM!$A$2:$A459,"<"&$B20+1.5)-sumifs(FORM!$D$2:$D459,FORM!$C$2:$C459,TODAY!$B$9,FORM!$B$2:$B459,H$2,FORM!$A$2:$A459,">"&$B20+0.5,FORM!$A$2:$A459,"<"&$B20+1.5) -> -2620 | I20: =sumifs(FORM!$D$2:$D459,FORM!$C$2:$C459,TODAY!$B$10,FORM!$B$2:$B459,I$2,FORM!$A$2:$A459,">"&$B20+0.5,FORM!$A$2:$A459,"<"&$B20+1.5)-sumifs(FORM!$D$2:$D459,FORM!$C$2:$C459,TODAY!$B$9,FORM!$B$2:$B459,I$2,FORM!$A$2:$A459,">"&$B20+0.5,FORM!$A$2:$A459,"<"&$B20+1.5) -> 0 | J20: =sumifs(FORM!$D$2:$D459,FORM!$C$2:$C459,TODAY!$B$10,FORM!$B$2:$B459,J$2,FORM!$A$2:$A459,">"&$B20+0.5,FORM!$A$2:$A459,"<"&$B20+1.5)-sumifs(FORM!$D$2:$D459,FORM!$C$2:$C459,TODAY!$B$9,FORM!$B$2:$B459,J$2,FORM!$A$2:$A459,">"&$B20+0.5,FORM!$A$2:$A459,"<"&$B20+1.5) -> 1350 | K20: =sumifs(FORM!$D$2:$D459,FORM!$C$2:$C459,TODAY!$B$10,FORM!$B$2:$B459,K$2,FORM!$A$2:$A459,">"&$B20+0.5,FORM!$A$2:$A459,"<"&$B20+1.5)-sumifs(FORM!$D$2:$D459,FORM!$C$2:$C459,TODAY!$B$9,FORM!$B$2:$B459,K$2,FORM!$A$2:$A459,">"&$B20+0.5,FORM!$A$2:$A459,"<"&$B20+1.5) -> 0 | ... P20: =sumifs(FORM!$D$2:$D459,FORM!$C$2:$C459,TODAY!$B$10,FORM!$B$2:$B459,P$2,FORM!$A$2:$A459,">"&$B20+0.5,FORM!$A$2:$A459,"<"&$B20+1.5)-sumifs(FORM!$D$2:$D459,FORM!$C$2:$C459,TODAY!$B$9,FORM!$B$2:$B459,P$2,FORM!$A$2:$A459,">"&$B20+0.5,FORM!$A$2:$A459,"<"&$B20+1.5) -> 0 | Q20: 0 | R20: 0 | S20: 0 | T20: 0 | U20: =if(or($C20="",U$2=""),"",(sumifs(FORM!$D$2:$D459,FORM!$C$2:$C459,TODAY!$B$10,FORM!$B$2:$B459,U$2,FORM!$A$2:$A459,">"&$B20+0.5,FORM!$A$2:$A459,"<"&$B20+1.5)-sumifs(FORM!$D$2:$D459,FORM!$C$2:$C459,TODAY!$B$9,FORM!$B$2:$B459,U$2,FORM!$A$2:$A459,">"&$B20+0.5,FORM!$A$2:$A459,"<"&$B20+1.5))/$C20) -> 0
B21: 44947 | C21: 10 | D21: =sumifs(FORM!$D$2:$D459,FORM!$C$2:$C459,TODAY!$B$10,FORM!$B$2:$B459,D$2,FORM!$A$2:$A459,">"&$B21+0.5,FORM!$A$2:$A459,"<"&$B21+1.5)-sumifs(FORM!$D$2:$D459,FORM!$C$2:$C459,TODAY!$B$9,FORM!$B$2:$B459,D$2,FORM!$A$2:$A459,">"&$B21+0.5,FORM!$A$2:$A459,"<"&$B21+1.5) -> 165 | E21: =sumifs(FORM!$D$2:$D459,FORM!$C$2:$C459,TODAY!$B$10,FORM!$B$2:$B459,E$2,FORM!$A$2:$A459,">"&$B21+0.5,FORM!$A$2:$A459,"<"&$B21+1.5)-sumifs(FORM!$D$2:$D459,FORM!$C$2:$C459,TODAY!$B$9,FORM!$B$2:$B459,E$2,FORM!$A$2:$A459,">"&$B21+0.5,FORM!$A$2:$A459,"<"&$B21+1.5) -> -200 | F21: =sumifs(FORM!$D$2:$D459,FORM!$C$2:$C459,TODAY!$B$10,FORM!$B$2:$B459,F$2,FORM!$A$2:$A459,">"&$B21+0.5,FORM!$A$2:$A459,"<"&$B21+1.5)-sumifs(FORM!$D$2:$D459,FORM!$C$2:$C459,TODAY!$B$9,FORM!$B$2:$B459,F$2,FORM!$A$2:$A459,">"&$B21+0.5,FORM!$A$2:$A459,"<"&$B21+1.5) -> 245 | G21: =sumifs(FORM!$D$2:$D459,FORM!$C$2:$C459,TODAY!$B$10,FORM!$B$2:$B459,G$2,FORM!$A$2:$A459,">"&$B21+0.5,FORM!$A$2:$A459,"<"&$B21+1.5)-sumifs(FORM!$D$2:$D459,FORM!$C$2:$C459,TODAY!$B$9,FORM!$B$2:$B459,G$2,FORM!$A$2:$A459,">"&$B21+0.5,FORM!$A$2:$A459,"<"&$B21+1.5) -> 55 | H21: =sumifs(FORM!$D$2:$D459,FORM!$C$2:$C459,TODAY!$B$10,FORM!$B$2:$B459,H$2,FORM!$A$2:$A459,">"&$B21+0.5,FORM!$A$2:$A459,"<"&$B21+1.5)-sumifs(FORM!$D$2:$D459,FORM!$C$2:$C459,TODAY!$B$9,FORM!$B$2:$B459,H$2,FORM!$A$2:$A459,">"&$B21+0.5,FORM!$A$2:$A459,"<"&$B21+1.5) -> -179 | I21: =sumifs(FORM!$D$2:$D459,FORM!$C$2:$C459,TODAY!$B$10,FORM!$B$2:$B459,I$2,FORM!$A$2:$A459,">"&$B21+0.5,FORM!$A$2:$A459,"<"&$B21+1.5)-sumifs(FORM!$D$2:$D459,FORM!$C$2:$C459,TODAY!$B$9,FORM!$B$2:$B459,I$2,FORM!$A$2:$A459,">"&$B21+0.5,FORM!$A$2:$A459,"<"&$B21+1.5) -> 63 | J21: =sumifs(FORM!$D$2:$D459,FORM!$C$2:$C459,TODAY!$B$10,FORM!$B$2:$B459,J$2,FORM!$A$2:$A459,">"&$B21+0.5,FORM!$A$2:$A459,"<"&$B21+1.5)-sumifs(FORM!$D$2:$D459,FORM!$C$2:$C459,TODAY!$B$9,FORM!$B$2:$B459,J$2,FORM!$A$2:$A459,">"&$B21+0.5,FORM!$A$2:$A459,"<"&$B21+1.5) -> 351 | K21: =sumifs(FORM!$D$2:$D459,FORM!$C$2:$C459,TODAY!$B$10,FORM!$B$2:$B459,K$2,FORM!$A$2:$A459,">"&$B21+0.5,FORM!$A$2:$A459,"<"&$B21+1.5)-sumifs(FORM!$D$2:$D459,FORM!$C$2:$C459,TODAY!$B$9,FORM!$B$2:$B459,K$2,FORM!$A$2:$A459,">"&$B21+0.5,FORM!$A$2:$A459,"<"&$B21+1.5) -> 0 | ... P21: =sumifs(FORM!$D$2:$D459,FORM!$C$2:$C459,TODAY!$B$10,FORM!$B$2:$B459,P$2,FORM!$A$2:$A459,">"&$B21+0.5,FORM!$A$2:$A459,"<"&$B21+1.5)-sumifs(FORM!$D$2:$D459,FORM!$C$2:$C459,TODAY!$B$9,FORM!$B$2:$B459,P$2,FORM!$A$2:$A459,">"&$B21+0.5,FORM!$A$2:$A459,"<"&$B21+1.5) -> 0 | Q21: 0 | R21: 0 | S21: 0 | T21: 0 | U21: =if(or($C21="",U$2=""),"",(sumifs(FORM!$D$2:$D459,FORM!$C$2:$C459,TODAY!$B$10,FORM!$B$2:$B459,U$2,FORM!$A$2:$A459,">"&$B21+0.5,FORM!$A$2:$A459,"<"&$B21+1.5)-sumifs(FORM!$D$2:$D459,FORM!$C$2:$C459,TODAY!$B$9,FORM!$B$2:$B459,U$2,FORM!$A$2:$A459,">"&$B21+0.5,FORM!$A$2:$A459,"<"&$B21+1.5))/$C21) -> 0
B22: 44948 | C22: 10 | D22: =sumifs(FORM!$D$2:$D459,FORM!$C$2:$C459,TODAY!$B$10,FORM!$B$2:$B459,D$2,FORM!$A$2:$A459,">"&$B22+0.5,FORM!$A$2:$A459,"<"&$B22+1.5)-sumifs(FORM!$D$2:$D459,FORM!$C$2:$C459,TODAY!$B$9,FORM!$B$2:$B459,D$2,FORM!$A$2:$A459,">"&$B22+0.5,FORM!$A$2:$A459,"<"&$B22+1.5) -> 171 | E22: =sumifs(FORM!$D$2:$D459,FORM!$C$2:$C459,TODAY!$B$10,FORM!$B$2:$B459,E$2,FORM!$A$2:$A459,">"&$B22+0.5,FORM!$A$2:$A459,"<"&$B22+1.5)-sumifs(FORM!$D$2:$D459,FORM!$C$2:$C459,TODAY!$B$9,FORM!$B$2:$B459,E$2,FORM!$A$2:$A459,">"&$B22+0.5,FORM!$A$2:$A459,"<"&$B22+1.5) -> -12 | F22: =sumifs(FORM!$D$2:$D459,FORM!$C$2:$C459,TODAY!$B$10,FORM!$B$2:$B459,F$2,FORM!$A$2:$A459,">"&$B22+0.5,FORM!$A$2:$A459,"<"&$B22+1.5)-sumifs(FORM!$D$2:$D459,FORM!$C$2:$C459,TODAY!$B$9,FORM!$B$2:$B459,F$2,FORM!$A$2:$A459,">"&$B22+0.5,FORM!$A$2:$A459,"<"&$B22+1.5) -> -27 | G22: =sumifs(FORM!$D$2:$D459,FORM!$C$2:$C459,TODAY!$B$10,FORM!$B$2:$B459,G$2,FORM!$A$2:$A459,">"&$B22+0.5,FORM!$A$2:$A459,"<"&$B22+1.5)-sumifs(FORM!$D$2:$D459,FORM!$C$2:$C459,TODAY!$B$9,FORM!$B$2:$B459,G$2,FORM!$A$2:$A459,">"&$B22+0.5,FORM!$A$2:$A459,"<"&$B22+1.5) -> 0 | H22: =sumifs(FORM!$D$2:$D459,FORM!$C$2:$C459,TODAY!$B$10,FORM!$B$2:$B459,H$2,FORM!$A$2:$A459,">"&$B22+0.5,FORM!$A$2:$A459,"<"&$B22+1.5)-sumifs(FORM!$D$2:$D459,FORM!$C$2:$C459,TODAY!$B$9,FORM!$B$2:$B459,H$2,FORM!$A$2:$A459,">"&$B22+0.5,FORM!$A$2:$A459,"<"&$B22+1.5) -> 225 | I22: =sumifs(FORM!$D$2:$D459,FORM!$C$2:$C459,TODAY!$B$10,FORM!$B$2:$B459,I$2,FORM!$A$2:$A459,">"&$B22+0.5,FORM!$A$2:$A459,"<"&$B22+1.5)-sumifs(FORM!$D$2:$D459,FORM!$C$2:$C459,TODAY!$B$9,FORM!$B$2:$B459,I$2,FORM!$A$2:$A459,">"&$B22+0.5,FORM!$A$2:$A459,"<"&$B22+1.5) -> -462 | J22: =sumifs(FORM!$D$2:$D459,FORM!$C$2:$C459,TODAY!$B$10,FORM!$B$2:$B459,J$2,FORM!$A$2:$A459,">"&$B22+0.5,FORM!$A$2:$A459,"<"&$B22+1.5)-sumifs(FORM!$D$2:$D459,FORM!$C$2:$C459,TODAY!$B$9,FORM!$B$2:$B459,J$2,FORM!$A$2:$A459,">"&$B22+0.5,FORM!$A$2:$A459,"<"&$B22+1.5) -> -86 | K22: =sumifs(FORM!$D$2:$D459,FORM!$C$2:$C459,TODAY!$B$10,FORM!$B$2:$B459,K$2,FORM!$A$2:$A459,">"&$B22+0.5,FORM!$A$2:$A459,"<"&$B22+1.5)-sumifs(FORM!$D$2:$D459,FORM!$C$2:$C459,TODAY!$B$9,FORM!$B$2:$B459,K$2,FORM!$A$2:$A459,">"&$B22+0.5,FORM!$A$2:$A459,"<"&$B22+1.5) -> 0 | ... P22: =sumifs(FORM!$D$2:$D459,FORM!$C$2:$C459,TODAY!$B$10,FORM!$B$2:$B459,P$2,FORM!$A$2:$A459,">"&$B22+0.5,FORM!$A$2:$A459,"<"&$B22+1.5)-sumifs(FORM!$D$2:$D459,FORM!$C$2:$C459,TODAY!$B$9,FORM!$B$2:$B459,P$2,FORM!$A$2:$A459,">"&$B22+0.5,FORM!$A$2:$A459,"<"&$B22+1.5) -> 191 | Q22: 0 | R22: 0 | S22: 0 | T22: 0 | U22: =if(or($C22="",U$2=""),"",(sumifs(FORM!$D$2:$D459,FORM!$C$2:$C459,TODAY!$B$10,FORM!$B$2:$B459,U$2,FORM!$A$2:$A459,">"&$B22+0.5,FORM!$A$2:$A459,"<"&$B22+1.5)-sumifs(FORM!$D$2:$D459,FORM!$C$2:$C459,TODAY!$B$9,FORM!$B$2:$B459,U$2,FORM!$A$2:$A459,">"&$B22+0.5,FORM!$A$2:$A459,"<"&$B22+1.5))/$C22) -> 0
B23: 44954 | C23: 10 | D23: =sumifs(FORM!$D$2:$D459,FORM!$C$2:$C459,TODAY!$B$10,FORM!$B$2:$B459,D$2,FORM!$A$2:$A459,">"&$B23+0.5,FORM!$A$2:$A459,"<"&$B23+1.5)-sumifs(FORM!$D$2:$D459,FORM!$C$2:$C459,TODAY!$B$9,FORM!$B$2:$B459,D$2,FORM!$A$2:$A459,">"&$B23+0.5,FORM!$A$2:$A459,"<"&$B23+1.5) -> 0 | E23: =sumifs(FORM!$D$2:$D459,FORM!$C$2:$C459,TODAY!$B$10,FORM!$B$2:$B459,E$2,FORM!$A$2:$A459,">"&$B23+0.5,FORM!$A$2:$A459,"<"&$B23+1.5)-sumifs(FORM!$D$2:$D459,FORM!$C$2:$C459,TODAY!$B$9,FORM!$B$2:$B459,E$2,FORM!$A$2:$A459,">"&$B23+0.5,FORM!$A$2:$A459,"<"&$B23+1.5) -> 210 | F23: =sumifs(FORM!$D$2:$D459,FORM!$C$2:$C459,TODAY!$B$10,FORM!$B$2:$B459,F$2,FORM!$A$2:$A459,">"&$B23+0.5,FORM!$A$2:$A459,"<"&$B23+1.5)-sumifs(FORM!$D$2:$D459,FORM!$C$2:$C459,TODAY!$B$9,FORM!$B$2:$B459,F$2,FORM!$A$2:$A459,">"&$B23+0.5,FORM!$A$2:$A459,"<"&$B23+1.5) -> 325 | G23: =sumifs(FORM!$D$2:$D459,FORM!$C$2:$C459,TODAY!$B$10,FORM!$B$2:$B459,G$2,FORM!$A$2:$A459,">"&$B23+0.5,FORM!$A$2:$A459,"<"&$B23+1.5)-sumifs(FORM!$D$2:$D459,FORM!$C$2:$C459,TODAY!$B$9,FORM!$B$2:$B459,G$2,FORM!$A$2:$A459,">"&$B23+0.5,FORM!$A$2:$A459,"<"&$B23+1.5) -> -536 | H23: =sumifs(FORM!$D$2:$D459,FORM!$C$2:$C459,TODAY!$B$10,FORM!$B$2:$B459,H$2,FORM!$A$2:$A459,">"&$B23+0.5,FORM!$A$2:$A459,"<"&$B23+1.5)-sumifs(FORM!$D$2:$D459,FORM!$C$2:$C459,TODAY!$B$9,FORM!$B$2:$B459,H$2,FORM!$A$2:$A459,">"&$B23+0.5,FORM!$A$2:$A459,"<"&$B23+1.5) -> -349 | I23: =sumifs(FORM!$D$2:$D459,FORM!$C$2:$C459,TODAY!$B$10,FORM!$B$2:$B459,I$2,FORM!$A$2:$A459,">"&$B23+0.5,FORM!$A$2:$A459,"<"&$B23+1.5)-sumifs(FORM!$D$2:$D459,FORM!$C$2:$C459,TODAY!$B$9,FORM!$B$2:$B459,I$2,FORM!$A$2:$A459,">"&$B23+0.5,FORM!$A$2:$A459,"<"&$B23+1.5) -> 627 | J23: =sumifs(FORM!$D$2:$D459,FORM!$C$2:$C459,TODAY!$B$10,FORM!$B$2:$B459,J$2,FORM!$A$2:$A459,">"&$B23+0.5,FORM!$A$2:$A459,"<"&$B23+1.5)-sumifs(FORM!$D$2:$D459,FORM!$C$2:$C459,TODAY!$B$9,FORM!$B$2:$B459,J$2,FORM!$A$2:$A459,">"&$B23+0.5,FORM!$A$2:$A459,"<"&$B23+1.5) -> 9 | K23: =sumifs(FORM!$D$2:$D459,FORM!$C$2:$C459,TODAY!$B$10,FORM!$B$2:$B459,K$2,FORM!$A$2:$A459,">"&$B23+0.5,FORM!$A$2:$A459,"<"&$B23+1.5)-sumifs(FORM!$D$2:$D459,FORM!$C$2:$C459,TODAY!$B$9,FORM!$B$2:$B459,K$2,FORM!$A$2:$A459,">"&$B23+0.5,FORM!$A$2:$A459,"<"&$B23+1.5) -> 0 | ... P23: =sumifs(FORM!$D$2:$D459,FORM!$C$2:$C459,TODAY!$B$10,FORM!$B$2:$B459,P$2,FORM!$A$2:$A459,">"&$B23+0.5,FORM!$A$2:$A459,"<"&$B23+1.5)-sumifs(FORM!$D$2:$D459,FORM!$C$2:$C459,TODAY!$B$9,FORM!$B$2:$B459,P$2,FORM!$A$2:$A459,">"&$B23+0.5,FORM!$A$2:$A459,"<"&$B23+1.5) -> 114 | Q23: 0 | R23: 0 | S23: 0 | T23: 0 | U23: =if(or($C23="",U$2=""),"",(sumifs(FORM!$D$2:$D459,FORM!$C$2:$C459,TODAY!$B$10,FORM!$B$2:$B459,U$2,FORM!$A$2:$A459,">"&$B23+0.5,FORM!$A$2:$A459,"<"&$B23+1.5)-sumifs(FORM!$D$2:$D459,FORM!$C$2:$C459,TODAY!$B$9,FORM!$B$2:$B459,U$2,FORM!$A$2:$A459,">"&$B23+0.5,FORM!$A$2:$A459,"<"&$B23+1.5))/$C23) -> 0
B24: 44955 | C24: 10 | D24: =sumifs(FORM!$D$2:$D459,FORM!$C$2:$C459,TODAY!$B$10,FORM!$B$2:$B459,D$2,FORM!$A$2:$A459,">"&$B24+0.5,FORM!$A$2:$A459,"<"&$B24+1.5)-sumifs(FORM!$D$2:$D459,FORM!$C$2:$C459,TODAY!$B$9,FORM!$B$2:$B459,D$2,FORM!$A$2:$A459,">"&$B24+0.5,FORM!$A$2:$A459,"<"&$B24+1.5) -> 38 | E24: =sumifs(FORM!$D$2:$D459,FORM!$C$2:$C459,TODAY!$B$10,FORM!$B$2:$B459,E$2,FORM!$A$2:$A459,">"&$B24+0.5,FORM!$A$2:$A459,"<"&$B24+1.5)-sumifs(FORM!$D$2:$D459,FORM!$C$2:$C459,TODAY!$B$9,FORM!$B$2:$B459,E$2,FORM!$A$2:$A459,">"&$B24+0.5,FORM!$A$2:$A459,"<"&$B24+1.5) -> -140 | F24: =sumifs(FORM!$D$2:$D459,FORM!$C$2:$C459,TODAY!$B$10,FORM!$B$2:$B459,F$2,FORM!$A$2:$A459,">"&$B24+0.5,FORM!$A$2:$A459,"<"&$B24+1.5)-sumifs(FORM!$D$2:$D459,FORM!$C$2:$C459,TODAY!$B$9,FORM!$B$2:$B459,F$2,FORM!$A$2:$A459,">"&$B24+0.5,FORM!$A$2:$A459,"<"&$B24+1.5) -> 219 | G24: =sumifs(FORM!$D$2:$D459,FORM!$C$2:$C459,TODAY!$B$10,FORM!$B$2:$B459,G$2,FORM!$A$2:$A459,">"&$B24+0.5,FORM!$A$2:$A459,"<"&$B24+1.5)-sumifs(FORM!$D$2:$D459,FORM!$C$2:$C459,TODAY!$B$9,FORM!$B$2:$B459,G$2,FORM!$A$2:$A459,">"&$B24+0.5,FORM!$A$2:$A459,"<"&$B24+1.5) -> -220 | H24: =sumifs(FORM!$D$2:$D459,FORM!$C$2:$C459,TODAY!$B$10,FORM!$B$2:$B459,H$2,FORM!$A$2:$A459,">"&$B24+0.5,FORM!$A$2:$A459,"<"&$B24+1.5)-sumifs(FORM!$D$2:$D459,FORM!$C$2:$C459,TODAY!$B$9,FORM!$B$2:$B459,H$2,FORM!$A$2:$A459,">"&$B24+0.5,FORM!$A$2:$A459,"<"&$B24+1.5) -> 356 | I24: =sumifs(FORM!$D$2:$D459,FORM!$C$2:$C459,TODAY!$B$10,FORM!$B$2:$B459,I$2,FORM!$A$2:$A459,">"&$B24+0.5,FORM!$A$2:$A459,"<"&$B24+1.5)-sumifs(FORM!$D$2:$D459,FORM!$C$2:$C459,TODAY!$B$9,FORM!$B$2:$B459,I$2,FORM!$A$2:$A459,">"&$B24+0.5,FORM!$A$2:$A459,"<"&$B24+1.5) -> -200 | J24: =sumifs(FORM!$D$2:$D459,FORM!$C$2:$C459,TODAY!$B$10,FORM!$B$2:$B459,J$2,FORM!$A$2:$A459,">"&$B24+0.5,FORM!$A$2:$A459,"<"&$B24+1.5)-sumifs(FORM!$D$2:$D459,FORM!$C$2:$C459,TODAY!$B$9,FORM!$B$2:$B459,J$2,FORM!$A$2:$A459,">"&$B24+0.5,FORM!$A$2:$A459,"<"&$B24+1.5) -> -53 | K24: =sumifs(FORM!$D$2:$D459,FORM!$C$2:$C459,TODAY!$B$10,FORM!$B$2:$B459,K$2,FORM!$A$2:$A459,">"&$B24+0.5,FORM!$A$2:$A459,"<"&$B24+1.5)-sumifs(FORM!$D$2:$D459,FORM!$C$2:$C459,TODAY!$B$9,FORM!$B$2:$B459,K$2,FORM!$A$2:$A459,">"&$B24+0.5,FORM!$A$2:$A459,"<"&$B24+1.5) -> 0 | ... P24: =sumifs(FORM!$D$2:$D459,FORM!$C$2:$C459,TODAY!$B$10,FORM!$B$2:$B459,P$2,FORM!$A$2:$A459,">"&$B24+0.5,FORM!$A$2:$A459,"<"&$B24+1.5)-sumifs(FORM!$D$2:$D459,FORM!$C$2:$C459,TODAY!$B$9,FORM!$B$2:$B459,P$2,FORM!$A$2:$A459,">"&$B24+0.5,FORM!$A$2:$A459,"<"&$B24+1.5) -> 0 | Q24: 0 | R24: 0 | S24: 0 | T24: 0 | U24: =if(or($C24="",U$2=""),"",(sumifs(FORM!$D$2:$D459,FORM!$C$2:$C459,TODAY!$B$10,FORM!$B$2:$B459,U$2,FORM!$A$2:$A459,">"&$B24+0.5,FORM!$A$2:$A459,"<"&$B24+1.5)-sumifs(FORM!$D$2:$D459,FORM!$C$2:$C459,TODAY!$B$9,FORM!$B$2:$B459,U$2,FORM!$A$2:$A459,">"&$B24+0.5,FORM!$A$2:$A459,"<"&$B24+1.5))/$C24) -> 0
B25: 44959 | C25: 10 | D25: =sumifs(FORM!$D$2:$D459,FORM!$C$2:$C459,TODAY!$B$10,FORM!$B$2:$B459,D$2,FORM!$A$2:$A459,">"&$B25+0.5,FORM!$A$2:$A459,"<"&$B25+1.5)-sumifs(FORM!$D$2:$D459,FORM!$C$2:$C459,TODAY!$B$9,FORM!$B$2:$B459,D$2,FORM!$A$2:$A459,">"&$B25+0.5,FORM!$A$2:$A459,"<"&$B25+1.5) -> -110 | E25: =sumifs(FORM!$D$2:$D459,FORM!$C$2:$C459,TODAY!$B$10,FORM!$B$2:$B459,E$2,FORM!$A$2:$A459,">"&$B25+0.5,FORM!$A$2:$A459,"<"&$B25+1.5)-sumifs(FORM!$D$2:$D459,FORM!$C$2:$C459,TODAY!$B$9,FORM!$B$2:$B459,E$2,FORM!$A$2:$A459,">"&$B25+0.5,FORM!$A$2:$A459,"<"&$B25+1.5) -> -200 | F25: =sumifs(FORM!$D$2:$D459,FORM!$C$2:$C459,TODAY!$B$10,FORM!$B$2:$B459,F$2,FORM!$A$2:$A459,">"&$B25+0.5,FORM!$A$2:$A459,"<"&$B25+1.5)-sumifs(FORM!$D$2:$D459,FORM!$C$2:$C459,TODAY!$B$9,FORM!$B$2:$B459,F$2,FORM!$A$2:$A459,">"&$B25+0.5,FORM!$A$2:$A459,"<"&$B25+1.5) -> 0 | G25: =sumifs(FORM!$D$2:$D459,FORM!$C$2:$C459,TODAY!$B$10,FORM!$B$2:$B459,G$2,FORM!$A$2:$A459,">"&$B25+0.5,FORM!$A$2:$A459,"<"&$B25+1.5)-sumifs(FORM!$D$2:$D459,FORM!$C$2:$C459,TODAY!$B$9,FORM!$B$2:$B459,G$2,FORM!$A$2:$A459,">"&$B25+0.5,FORM!$A$2:$A459,"<"&$B25+1.5) -> 0 | H25: =sumifs(FORM!$D$2:$D459,FORM!$C$2:$C459,TODAY!$B$10,FORM!$B$2:$B459,H$2,FORM!$A$2:$A459,">"&$B25+0.5,FORM!$A$2:$A459,"<"&$B25+1.5)-sumifs(FORM!$D$2:$D459,FORM!$C$2:$C459,TODAY!$B$9,FORM!$B$2:$B459,H$2,FORM!$A$2:$A459,">"&$B25+0.5,FORM!$A$2:$A459,"<"&$B25+1.5) -> -182 | I25: =sumifs(FORM!$D$2:$D459,FORM!$C$2:$C459,TODAY!$B$10,FORM!$B$2:$B459,I$2,FORM!$A$2:$A459,">"&$B25+0.5,FORM!$A$2:$A459,"<"&$B25+1.5)-sumifs(FORM!$D$2:$D459,FORM!$C$2:$C459,TODAY!$B$9,FORM!$B$2:$B459,I$2,FORM!$A$2:$A459,">"&$B25+0.5,FORM!$A$2:$A459,"<"&$B25+1.5) -> -406 | J25: =sumifs(FORM!$D$2:$D459,FORM!$C$2:$C459,TODAY!$B$10,FORM!$B$2:$B459,J$2,FORM!$A$2:$A459,">"&$B25+0.5,FORM!$A$2:$A459,"<"&$B25+1.5)-sumifs(FORM!$D$2:$D459,FORM!$C$2:$C459,TODAY!$B$9,FORM!$B$2:$B459,J$2,FORM!$A$2:$A459,">"&$B25+0.5,FORM!$A$2:$A459,"<"&$B25+1.5) -> 898 | K25: =sumifs(FORM!$D$2:$D459,FORM!$C$2:$C459,TODAY!$B$10,FORM!$B$2:$B459,K$2,FORM!$A$2:$A459,">"&$B25+0.5,FORM!$A$2:$A459,"<"&$B25+1.5)-sumifs(FORM!$D$2:$D459,FORM!$C$2:$C459,TODAY!$B$9,FORM!$B$2:$B459,K$2,FORM!$A$2:$A459,">"&$B25+0.5,FORM!$A$2:$A459,"<"&$B25+1.5) -> 0 | ... P25: =sumifs(FORM!$D$2:$D459,FORM!$C$2:$C459,TODAY!$B$10,FORM!$B$2:$B459,P$2,FORM!$A$2:$A459,">"&$B25+0.5,FORM!$A$2:$A459,"<"&$B25+1.5)-sumifs(FORM!$D$2:$D459,FORM!$C$2:$C459,TODAY!$B$9,FORM!$B$2:$B459,P$2,FORM!$A$2:$A459,">"&$B25+0.5,FORM!$A$2:$A459,"<"&$B25+1.5) -> 0 | Q25: 0 | R25: 0 | S25: 0 | T25: 0 | U25: =if(or($C25="",U$2=""),"",(sumifs(FORM!$D$2:$D459,FORM!$C$2:$C459,TODAY!$B$10,FORM!$B$2:$B459,U$2,FORM!$A$2:$A459,">"&$B25+0.5,FORM!$A$2:$A459,"<"&$B25+1.5)-sumifs(FORM!$D$2:$D459,FORM!$C$2:$C459,TODAY!$B$9,FORM!$B$2:$B459,U$2,FORM!$A$2:$A459,">"&$B25+0.5,FORM!$A$2:$A459,"<"&$B25+1.5))/$C25) -> 0
B26: 44967 | C26: 1 | D26: =sumifs(FORM!$D$2:$D459,FORM!$C$2:$C459,TODAY!$B$10,FORM!$B$2:$B459,D$2,FORM!$A$2:$A459,">"&$B26+0.5,FORM!$A$2:$A459,"<"&$B26+1.5)-sumifs(FORM!$D$2:$D459,FORM!$C$2:$C459,TODAY!$B$9,FORM!$B$2:$B459,D$2,FORM!$A$2:$A459,">"&$B26+0.5,FORM!$A$2:$A459,"<"&$B26+1.5) -> 0 | E26: =sumifs(FORM!$D$2:$D459,FORM!$C$2:$C459,TODAY!$B$10,FORM!$B$2:$B459,E$2,FORM!$A$2:$A459,">"&$B26+0.5,FORM!$A$2:$A459,"<"&$B26+1.5)-sumifs(FORM!$D$2:$D459,FORM!$C$2:$C459,TODAY!$B$9,FORM!$B$2:$B459,E$2,FORM!$A$2:$A459,">"&$B26+0.5,FORM!$A$2:$A459,"<"&$B26+1.5) -> 0 | F26: =sumifs(FORM!$D$2:$D459,FORM!$C$2:$C459,TODAY!$B$10,FORM!$B$2:$B459,F$2,FORM!$A$2:$A459,">"&$B26+0.5,FORM!$A$2:$A459,"<"&$B26+1.5)-sumifs(FORM!$D$2:$D459,FORM!$C$2:$C459,TODAY!$B$9,FORM!$B$2:$B459,F$2,FORM!$A$2:$A459,">"&$B26+0.5,FORM!$A$2:$A459,"<"&$B26+1.5) -> 0 | G26: =sumifs(FORM!$D$2:$D459,FORM!$C$2:$C459,TODAY!$B$10,FORM!$B$2:$B459,G$2,FORM!$A$2:$A459,">"&$B26+0.5,FORM!$A$2:$A459,"<"&$B26+1.5)-sumifs(FORM!$D$2:$D459,FORM!$C$2:$C459,TODAY!$B$9,FORM!$B$2:$B459,G$2,FORM!$A$2:$A459,">"&$B26+0.5,FORM!$A$2:$A459,"<"&$B26+1.5) -> 0 | H26: =sumifs(FORM!$D$2:$D459,FORM!$C$2:$C459,TODAY!$B$10,FORM!$B$2:$B459,H$2,FORM!$A$2:$A459,">"&$B26+0.5,FORM!$A$2:$A459,"<"&$B26+1.5)-sumifs(FORM!$D$2:$D459,FORM!$C$2:$C459,TODAY!$B$9,FORM!$B$2:$B459,H$2,FORM!$A$2:$A459,">"&$B26+0.5,FORM!$A$2:$A459,"<"&$B26+1.5) -> 14500 | I26: =sumifs(FORM!$D$2:$D459,FORM!$C$2:$C459,TODAY!$B$10,FORM!$B$2:$B459,I$2,FORM!$A$2:$A459,">"&$B26+0.5,FORM!$A$2:$A459,"<"&$B26+1.5)-sumifs(FORM!$D$2:$D459,FORM!$C$2:$C459,TODAY!$B$9,FORM!$B$2:$B459,I$2,FORM!$A$2:$A459,">"&$B26+0.5,FORM!$A$2:$A459,"<"&$B26+1.5) -> 4500 | J26: =sumifs(FORM!$D$2:$D459,FORM!$C$2:$C459,TODAY!$B$10,FORM!$B$2:$B459,J$2,FORM!$A$2:$A459,">"&$B26+0.5,FORM!$A$2:$A459,"<"&$B26+1.5)-sumifs(FORM!$D$2:$D459,FORM!$C$2:$C459,TODAY!$B$9,FORM!$B$2:$B459,J$2,FORM!$A$2:$A459,">"&$B26+0.5,FORM!$A$2:$A459,"<"&$B26+1.5) -> 680 | K26: =sumifs(FORM!$D$2:$D459,FORM!$C$2:$C459,TODAY!$B$10,FORM!$B$2:$B459,K$2,FORM!$A$2:$A459,">"&$B26+0.5,FORM!$A$2:$A459,"<"&$B26+1.5)-sumifs(FORM!$D$2:$D459,FORM!$C$2:$C459,TODAY!$B$9,FORM!$B$2:$B459,K$2,FORM!$A$2:$A459,">"&$B26+0.5,FORM!$A$2:$A459,"<"&$B26+1.5) -> 0 | ... P26: =sumifs(FORM!$D$2:$D459,FORM!$C$2:$C459,TODAY!$B$10,FORM!$B$2:$B459,P$2,FORM!$A$2:$A459,">"&$B26+0.5,FORM!$A$2:$A459,"<"&$B26+1.5)-sumifs(FORM!$D$2:$D459,FORM!$C$2:$C459,TODAY!$B$9,FORM!$B$2:$B459,P$2,FORM!$A$2:$A459,">"&$B26+0.5,FORM!$A$2:$A459,"<"&$B26+1.5) -> 0 | Q26: 0 | R26: 0 | S26: 0 | T26: 0 | U26: =if(or($C26="",U$2=""),"",(sumifs(FORM!$D$2:$D459,FORM!$C$2:$C459,TODAY!$B$10,FORM!$B$2:$B459,U$2,FORM!$A$2:$A459,">"&$B26+0.5,FORM!$A$2:$A459,"<"&$B26+1.5)-sumifs(FORM!$D$2:$D459,FORM!$C$2:$C459,TODAY!$B$9,FORM!$B$2:$B459,U$2,FORM!$A$2:$A459,">"&$B26+0.5,FORM!$A$2:$A459,"<"&$B26+1.5))/$C26) -> 0
B27: 44968 | C27: 10 | D27: =sumifs(FORM!$D$2:$D459,FORM!$C$2:$C459,TODAY!$B$10,FORM!$B$2:$B459,D$2,FORM!$A$2:$A459,">"&$B27+0.5,FORM!$A$2:$A459,"<"&$B27+1.5)-sumifs(FORM!$D$2:$D459,FORM!$C$2:$C459,TODAY!$B$9,FORM!$B$2:$B459,D$2,FORM!$A$2:$A459,">"&$B27+0.5,FORM!$A$2:$A459,"<"&$B27+1.5) -> -290 | E27: =sumifs(FORM!$D$2:$D459,FORM!$C$2:$C459,TODAY!$B$10,FORM!$B$2:$B459,E$2,FORM!$A$2:$A459,">"&$B27+0.5,FORM!$A$2:$A459,"<"&$B27+1.5)-sumifs(FORM!$D$2:$D459,FORM!$C$2:$C459,TODAY!$B$9,FORM!$B$2:$B459,E$2,FORM!$A$2:$A459,">"&$B27+0.5,FORM!$A$2:$A459,"<"&$B27+1.5) -> 369 | F27: =sumifs(FORM!$D$2:$D459,FORM!$C$2:$C459,TODAY!$B$10,FORM!$B$2:$B459,F$2,FORM!$A$2:$A459,">"&$B27+0.5,FORM!$A$2:$A459,"<"&$B27+1.5)-sumifs(FORM!$D$2:$D459,FORM!$C$2:$C459,TODAY!$B$9,FORM!$B$2:$B459,F$2,FORM!$A$2:$A459,">"&$B27+0.5,FORM!$A$2:$A459,"<"&$B27+1.5) -> -400 | G27: =sumifs(FORM!$D$2:$D459,FORM!$C$2:$C459,TODAY!$B$10,FORM!$B$2:$B459,G$2,FORM!$A$2:$A459,">"&$B27+0.5,FORM!$A$2:$A459,"<"&$B27+1.5)-sumifs(FORM!$D$2:$D459,FORM!$C$2:$C459,TODAY!$B$9,FORM!$B$2:$B459,G$2,FORM!$A$2:$A459,">"&$B27+0.5,FORM!$A$2:$A459,"<"&$B27+1.5) -> 0 | H27: =sumifs(FORM!$D$2:$D459,FORM!$C$2:$C459,TODAY!$B$10,FORM!$B$2:$B459,H$2,FORM!$A$2:$A459,">"&$B27+0.5,FORM!$A$2:$A459,"<"&$B27+1.5)-sumifs(FORM!$D$2:$D459,FORM!$C$2:$C459,TODAY!$B$9,FORM!$B$2:$B459,H$2,FORM!$A$2:$A459,">"&$B27+0.5,FORM!$A$2:$A459,"<"&$B27+1.5) -> 470 | I27: =sumifs(FORM!$D$2:$D459,FORM!$C$2:$C459,TODAY!$B$10,FORM!$B$2:$B459,I$2,FORM!$A$2:$A459,">"&$B27+0.5,FORM!$A$2:$A459,"<"&$B27+1.5)-sumifs(FORM!$D$2:$D459,FORM!$C$2:$C459,TODAY!$B$9,FORM!$B$2:$B459,I$2,FORM!$A$2:$A459,">"&$B27+0.5,FORM!$A$2:$A459,"<"&$B27+1.5) -> 0 | J27: =sumifs(FORM!$D$2:$D459,FORM!$C$2:$C459,TODAY!$B$10,FORM!$B$2:$B459,J$2,FORM!$A$2:$A459,">"&$B27+0.5,FORM!$A$2:$A459,"<"&$B27+1.5)-sumifs(FORM!$D$2:$D459,FORM!$C$2:$C459,TODAY!$B$9,FORM!$B$2:$B459,J$2,FORM!$A$2:$A459,">"&$B27+0.5,FORM!$A$2:$A459,"<"&$B27+1.5) -> -149 | K27: =sumifs(FORM!$D$2:$D459,FORM!$C$2:$C459,TODAY!$B$10,FORM!$B$2:$B459,K$2,FORM!$A$2:$A459,">"&$B27+0.5,FORM!$A$2:$A459,"<"&$B27+1.5)-sumifs(FORM!$D$2:$D459,FORM!$C$2:$C459,TODAY!$B$9,FORM!$B$2:$B459,K$2,FORM!$A$2:$A459,">"&$B27+0.5,FORM!$A$2:$A459,"<"&$B27+1.5) -> 0 | ... P27: =sumifs(FORM!$D$2:$D459,FORM!$C$2:$C459,TODAY!$B$10,FORM!$B$2:$B459,P$2,FORM!$A$2:$A459,">"&$B27+0.5,FORM!$A$2:$A459,"<"&$B27+1.5)-sumifs(FORM!$D$2:$D459,FORM!$C$2:$C459,TODAY!$B$9,FORM!$B$2:$B459,P$2,FORM!$A$2:$A459,">"&$B27+0.5,FORM!$A$2:$A459,"<"&$B27+1.5) -> 0 | Q27: 0 | R27: 0 | S27: 0 | T27: 0 | U27: =if(or($C27="",U$2=""),"",(sumifs(FORM!$D$2:$D459,FORM!$C$2:$C459,TODAY!$B$10,FORM!$B$2:$B459,U$2,FORM!$A$2:$A459,">"&$B27+0.5,FORM!$A$2:$A459,"<"&$B27+1.5)-sumifs(FORM!$D$2:$D459,FORM!$C$2:$C459,TODAY!$B$9,FORM!$B$2:$B459,U$2,FORM!$A$2:$A459,">"&$B27+0.5,FORM!$A$2:$A459,"<"&$B27+1.5))/$C27) -> 0
B28: 44969 | C28: 10 | D28: =sumifs(FORM!$D$2:$D459,FORM!$C$2:$C459,TODAY!$B$10,FORM!$B$2:$B459,D$2,FORM!$A$2:$A459,">"&$B28+0.5,FORM!$A$2:$A459,"<"&$B28+1.5)-sumifs(FORM!$D$2:$D459,FORM!$C$2:$C459,TODAY!$B$9,FORM!$B$2:$B459,D$2,FORM!$A$2:$A459,">"&$B28+0.5,FORM!$A$2:$A459,"<"&$B28+1.5) -> 0 | E28: =sumifs(FORM!$D$2:$D459,FORM!$C$2:$C459,TODAY!$B$10,FORM!$B$2:$B459,E$2,FORM!$A$2:$A459,">"&$B28+0.5,FORM!$A$2:$A459,"<"&$B28+1.5)-sumifs(FORM!$D$2:$D459,FORM!$C$2:$C459,TODAY!$B$9,FORM!$B$2:$B459,E$2,FORM!$A$2:$A459,">"&$B28+0.5,FORM!$A$2:$A459,"<"&$B28+1.5) -> 0 | F28: =sumifs(FORM!$D$2:$D459,FORM!$C$2:$C459,TODAY!$B$10,FORM!$B$2:$B459,F$2,FORM!$A$2:$A459,">"&$B28+0.5,FORM!$A$2:$A459,"<"&$B28+1.5)-sumifs(FORM!$D$2:$D459,FORM!$C$2:$C459,TODAY!$B$9,FORM!$B$2:$B459,F$2,FORM!$A$2:$A459,">"&$B28+0.5,FORM!$A$2:$A459,"<"&$B28+1.5) -> 0 | G28: =sumifs(FORM!$D$2:$D459,FORM!$C$2:$C459,TODAY!$B$10,FORM!$B$2:$B459,G$2,FORM!$A$2:$A459,">"&$B28+0.5,FORM!$A$2:$A459,"<"&$B28+1.5)-sumifs(FORM!$D$2:$D459,FORM!$C$2:$C459,TODAY!$B$9,FORM!$B$2:$B459,G$2,FORM!$A$2:$A459,">"&$B28+0.5,FORM!$A$2:$A459,"<"&$B28+1.5) -> -540 | H28: =sumifs(FORM!$D$2:$D459,FORM!$C$2:$C459,TODAY!$B$10,FORM!$B$2:$B459,H$2,FORM!$A$2:$A459,">"&$B28+0.5,FORM!$A$2:$A459,"<"&$B28+1.5)-sumifs(FORM!$D$2:$D459,FORM!$C$2:$C459,TODAY!$B$9,FORM!$B$2:$B459,H$2,FORM!$A$2:$A459,">"&$B28+0.5,FORM!$A$2:$A459,"<"&$B28+1.5) -> 256 | I28: =sumifs(FORM!$D$2:$D459,FORM!$C$2:$C459,TODAY!$B$10,FORM!$B$2:$B459,I$2,FORM!$A$2:$A459,">"&$B28+0.5,FORM!$A$2:$A459,"<"&$B28+1.5)-sumifs(FORM!$D$2:$D459,FORM!$C$2:$C459,TODAY!$B$9,FORM!$B$2:$B459,I$2,FORM!$A$2:$A459,">"&$B28+0.5,FORM!$A$2:$A459,"<"&$B28+1.5) -> 21 | J28: =sumifs(FORM!$D$2:$D459,FORM!$C$2:$C459,TODAY!$B$10,FORM!$B$2:$B459,J$2,FORM!$A$2:$A459,">"&$B28+0.5,FORM!$A$2:$A459,"<"&$B28+1.5)-sumifs(FORM!$D$2:$D459,FORM!$C$2:$C459,TODAY!$B$9,FORM!$B$2:$B459,J$2,FORM!$A$2:$A459,">"&$B28+0.5,FORM!$A$2:$A459,"<"&$B28+1.5) -> 263 | K28: =sumifs(FORM!$D$2:$D459,FORM!$C$2:$C459,TODAY!$B$10,FORM!$B$2:$B459,K$2,FORM!$A$2:$A459,">"&$B28+0.5,FORM!$A$2:$A459,"<"&$B28+1.5)-sumifs(FORM!$D$2:$D459,FORM!$C$2:$C459,TODAY!$B$9,FORM!$B$2:$B459,K$2,FORM!$A$2:$A459,">"&$B28+0.5,FORM!$A$2:$A459,"<"&$B28+1.5) -> 0 | ... P28: =sumifs(FORM!$D$2:$D459,FORM!$C$2:$C459,TODAY!$B$10,FORM!$B$2:$B459,P$2,FORM!$A$2:$A459,">"&$B28+0.5,FORM!$A$2:$A459,"<"&$B28+1.5)-sumifs(FORM!$D$2:$D459,FORM!$C$2:$C459,TODAY!$B$9,FORM!$B$2:$B459,P$2,FORM!$A$2:$A459,">"&$B28+0.5,FORM!$A$2:$A459,"<"&$B28+1.5) -> 0 | Q28: 0 | R28: 0 | S28: 0 | T28: 0 | U28: =if(or($C28="",U$2=""),"",(sumifs(FORM!$D$2:$D459,FORM!$C$2:$C459,TODAY!$B$10,FORM!$B$2:$B459,U$2,FORM!$A$2:$A459,">"&$B28+0.5,FORM!$A$2:$A459,"<"&$B28+1.5)-sumifs(FORM!$D$2:$D459,FORM!$C$2:$C459,TODAY!$B$9,FORM!$B$2:$B459,U$2,FORM!$A$2:$A459,">"&$B28+0.5,FORM!$A$2:$A459,"<"&$B28+1.5))/$C28) -> 0
B29: 44972 | C29: 10 | D29: =sumifs(FORM!$D$2:$D459,FORM!$C$2:$C459,TODAY!$B$10,FORM!$B$2:$B459,D$2,FORM!$A$2:$A459,">"&$B29+0.5,FORM!$A$2:$A459,"<"&$B29+1.5)-sumifs(FORM!$D$2:$D459,FORM!$C$2:$C459,TODAY!$B$9,FORM!$B$2:$B459,D$2,FORM!$A$2:$A459,">"&$B29+0.5,FORM!$A$2:$A459,"<"&$B29+1.5) -> -20 | E29: =sumifs(FORM!$D$2:$D459,FORM!$C$2:$C459,TODAY!$B$10,FORM!$B$2:$B459,E$2,FORM!$A$2:$A459,">"&$B29+0.5,FORM!$A$2:$A459,"<"&$B29+1.5)-sumifs(FORM!$D$2:$D459,FORM!$C$2:$C459,TODAY!$B$9,FORM!$B$2:$B459,E$2,FORM!$A$2:$A459,">"&$B29+0.5,FORM!$A$2:$A459,"<"&$B29+1.5) -> 0 | F29: =sumifs(FORM!$D$2:$D459,FORM!$C$2:$C459,TODAY!$B$10,FORM!$B$2:$B459,F$2,FORM!$A$2:$A459,">"&$B29+0.5,FORM!$A$2:$A459,"<"&$B29+1.5)-sumifs(FORM!$D$2:$D459,FORM!$C$2:$C459,TODAY!$B$9,FORM!$B$2:$B459,F$2,FORM!$A$2:$A459,">"&$B29+0.5,FORM!$A$2:$A459,"<"&$B29+1.5) -> 260 | G29: =sumifs(FORM!$D$2:$D459,FORM!$C$2:$C459,TODAY!$B$10,FORM!$B$2:$B459,G$2,FORM!$A$2:$A459,">"&$B29+0.5,FORM!$A$2:$A459,"<"&$B29+1.5)-sumifs(FORM!$D$2:$D459,FORM!$C$2:$C459,TODAY!$B$9,FORM!$B$2:$B459,G$2,FORM!$A$2:$A459,">"&$B29+0.5,FORM!$A$2:$A459,"<"&$B29+1.5) -> -600 | H29: =sumifs(FORM!$D$2:$D459,FORM!$C$2:$C459,TODAY!$B$10,FORM!$B$2:$B459,H$2,FORM!$A$2:$A459,">"&$B29+0.5,FORM!$A$2:$A459,"<"&$B29+1.5)-sumifs(FORM!$D$2:$D459,FORM!$C$2:$C459,TODAY!$B$9,FORM!$B$2:$B459,H$2,FORM!$A$2:$A459,">"&$B29+0.5,FORM!$A$2:$A459,"<"&$B29+1.5) -> -230 | I29: =sumifs(FORM!$D$2:$D459,FORM!$C$2:$C459,TODAY!$B$10,FORM!$B$2:$B459,I$2,FORM!$A$2:$A459,">"&$B29+0.5,FORM!$A$2:$A459,"<"&$B29+1.5)-sumifs(FORM!$D$2:$D459,FORM!$C$2:$C459,TODAY!$B$9,FORM!$B$2:$B459,I$2,FORM!$A$2:$A459,">"&$B29+0.5,FORM!$A$2:$A459,"<"&$B29+1.5) -> -40 | J29: =sumifs(FORM!$D$2:$D459,FORM!$C$2:$C459,TODAY!$B$10,FORM!$B$2:$B459,J$2,FORM!$A$2:$A459,">"&$B29+0.5,FORM!$A$2:$A459,"<"&$B29+1.5)-sumifs(FORM!$D$2:$D459,FORM!$C$2:$C459,TODAY!$B$9,FORM!$B$2:$B459,J$2,FORM!$A$2:$A459,">"&$B29+0.5,FORM!$A$2:$A459,"<"&$B29+1.5) -> 544 | K29: =sumifs(FORM!$D$2:$D459,FORM!$C$2:$C459,TODAY!$B$10,FORM!$B$2:$B459,K$2,FORM!$A$2:$A459,">"&$B29+0.5,FORM!$A$2:$A459,"<"&$B29+1.5)-sumifs(FORM!$D$2:$D459,FORM!$C$2:$C459,TODAY!$B$9,FORM!$B$2:$B459,K$2,FORM!$A$2:$A459,">"&$B29+0.5,FORM!$A$2:$A459,"<"&$B29+1.5) -> 0 | ... P29: =sumifs(FORM!$D$2:$D459,FORM!$C$2:$C459,TODAY!$B$10,FORM!$B$2:$B459,P$2,FORM!$A$2:$A459,">"&$B29+0.5,FORM!$A$2:$A459,"<"&$B29+1.5)-sumifs(FORM!$D$2:$D459,FORM!$C$2:$C459,TODAY!$B$9,FORM!$B$2:$B459,P$2,FORM!$A$2:$A459,">"&$B29+0.5,FORM!$A$2:$A459,"<"&$B29+1.5) -> 86 | Q29: 0 | R29: 0 | S29: 0 | T29: 0 | U29: =if(or($C29="",U$2=""),"",(sumifs(FORM!$D$2:$D459,FORM!$C$2:$C459,TODAY!$B$10,FORM!$B$2:$B459,U$2,FORM!$A$2:$A459,">"&$B29+0.5,FORM!$A$2:$A459,"<"&$B29+1.5)-sumifs(FORM!$D$2:$D459,FORM!$C$2:$C459,TODAY!$B$9,FORM!$B$2:$B459,U$2,FORM!$A$2:$A459,">"&$B29+0.5,FORM!$A$2:$A459,"<"&$B29+1.5))/$C29) -> 0
B30: 44975 | C30: 10 | D30: =sumifs(FORM!$D$2:$D459,FORM!$C$2:$C459,TODAY!$B$10,FORM!$B$2:$B459,D$2,FORM!$A$2:$A459,">"&$B30+0.5,FORM!$A$2:$A459,"<"&$B30+1.5)-sumifs(FORM!$D$2:$D459,FORM!$C$2:$C459,TODAY!$B$9,FORM!$B$2:$B459,D$2,FORM!$A$2:$A459,">"&$B30+0.5,FORM!$A$2:$A459,"<"&$B30+1.5) -> 80 | E30: =sumifs(FORM!$D$2:$D459,FORM!$C$2:$C459,TODAY!$B$10,FORM!$B$2:$B459,E$2,FORM!$A$2:$A459,">"&$B30+0.5,FORM!$A$2:$A459,"<"&$B30+1.5)-sumifs(FORM!$D$2:$D459,FORM!$C$2:$C459,TODAY!$B$9,FORM!$B$2:$B459,E$2,FORM!$A$2:$A459,">"&$B30+0.5,FORM!$A$2:$A459,"<"&$B30+1.5) -> -600 | F30: =sumifs(FORM!$D$2:$D459,FORM!$C$2:$C459,TODAY!$B$10,FORM!$B$2:$B459,F$2,FORM!$A$2:$A459,">"&$B30+0.5,FORM!$A$2:$A459,"<"&$B30+1.5)-sumifs(FORM!$D$2:$D459,FORM!$C$2:$C459,TODAY!$B$9,FORM!$B$2:$B459,F$2,FORM!$A$2:$A459,">"&$B30+0.5,FORM!$A$2:$A459,"<"&$B30+1.5) -> 52 | G30: =sumifs(FORM!$D$2:$D459,FORM!$C$2:$C459,TODAY!$B$10,FORM!$B$2:$B459,G$2,FORM!$A$2:$A459,">"&$B30+0.5,FORM!$A$2:$A459,"<"&$B30+1.5)-sumifs(FORM!$D$2:$D459,FORM!$C$2:$C459,TODAY!$B$9,FORM!$B$2:$B459,G$2,FORM!$A$2:$A459,">"&$B30+0.5,FORM!$A$2:$A459,"<"&$B30+1.5) -> 174 | H30: =sumifs(FORM!$D$2:$D459,FORM!$C$2:$C459,TODAY!$B$10,FORM!$B$2:$B459,H$2,FORM!$A$2:$A459,">"&$B30+0.5,FORM!$A$2:$A459,"<"&$B30+1.5)-sumifs(FORM!$D$2:$D459,FORM!$C$2:$C459,TODAY!$B$9,FORM!$B$2:$B459,H$2,FORM!$A$2:$A459,">"&$B30+0.5,FORM!$A$2:$A459,"<"&$B30+1.5) -> 606 | I30: =sumifs(FORM!$D$2:$D459,FORM!$C$2:$C459,TODAY!$B$10,FORM!$B$2:$B459,I$2,FORM!$A$2:$A459,">"&$B30+0.5,FORM!$A$2:$A459,"<"&$B30+1.5)-sumifs(FORM!$D$2:$D459,FORM!$C$2:$C459,TODAY!$B$9,FORM!$B$2:$B459,I$2,FORM!$A$2:$A459,">"&$B30+0.5,FORM!$A$2:$A459,"<"&$B30+1.5) -> 50 | J30: =sumifs(FORM!$D$2:$D459,FORM!$C$2:$C459,TODAY!$B$10,FORM!$B$2:$B459,J$2,FORM!$A$2:$A459,">"&$B30+0.5,FORM!$A$2:$A459,"<"&$B30+1.5)-sumifs(FORM!$D$2:$D459,FORM!$C$2:$C459,TODAY!$B$9,FORM!$B$2:$B459,J$2,FORM!$A$2:$A459,">"&$B30+0.5,FORM!$A$2:$A459,"<"&$B30+1.5) -> -162 | K30: =sumifs(FORM!$D$2:$D459,FORM!$C$2:$C459,TODAY!$B$10,FORM!$B$2:$B459,K$2,FORM!$A$2:$A459,">"&$B30+0.5,FORM!$A$2:$A459,"<"&$B30+1.5)-sumifs(FORM!$D$2:$D459,FORM!$C$2:$C459,TODAY!$B$9,FORM!$B$2:$B459,K$2,FORM!$A$2:$A459,">"&$B30+0.5,FORM!$A$2:$A459,"<"&$B30+1.5) -> 0 | ... P30: =sumifs(FORM!$D$2:$D459,FORM!$C$2:$C459,TODAY!$B$10,FORM!$B$2:$B459,P$2,FORM!$A$2:$A459,">"&$B30+0.5,FORM!$A$2:$A459,"<"&$B30+1.5)-sumifs(FORM!$D$2:$D459,FORM!$C$2:$C459,TODAY!$B$9,FORM!$B$2:$B459,P$2,FORM!$A$2:$A459,">"&$B30+0.5,FORM!$A$2:$A459,"<"&$B30+1.5) -> -200 | Q30: 0 | R30: 0 | S30: 0 | T30: 0 | U30: =if(or($C30="",U$2=""),"",(sumifs(FORM!$D$2:$D459,FORM!$C$2:$C459,TODAY!$B$10,FORM!$B$2:$B459,U$2,FORM!$A$2:$A459,">"&$B30+0.5,FORM!$A$2:$A459,"<"&$B30+1.5)-sumifs(FORM!$D$2:$D459,FORM!$C$2:$C459,TODAY!$B$9,FORM!$B$2:$B459,U$2,FORM!$A$2:$A459,">"&$B30+0.5,FORM!$A$2:$A459,"<"&$B30+1.5))/$C30) -> 0
B31: 44976 | C31: 10 | D31: =sumifs(FORM!$D$2:$D459,FORM!$C$2:$C459,TODAY!$B$10,FORM!$B$2:$B459,D$2,FORM!$A$2:$A459,">"&$B31+0.5,FORM!$A$2:$A459,"<"&$B31+1.5)-sumifs(FORM!$D$2:$D459,FORM!$C$2:$C459,TODAY!$B$9,FORM!$B$2:$B459,D$2,FORM!$A$2:$A459,">"&$B31+0.5,FORM!$A$2:$A459,"<"&$B31+1.5) -> 275 | E31: =sumifs(FORM!$D$2:$D459,FORM!$C$2:$C459,TODAY!$B$10,FORM!$B$2:$B459,E$2,FORM!$A$2:$A459,">"&$B31+0.5,FORM!$A$2:$A459,"<"&$B31+1.5)-sumifs(FORM!$D$2:$D459,FORM!$C$2:$C459,TODAY!$B$9,FORM!$B$2:$B459,E$2,FORM!$A$2:$A459,">"&$B31+0.5,FORM!$A$2:$A459,"<"&$B31+1.5) -> -139 | F31: =sumifs(FORM!$D$2:$D459,FORM!$C$2:$C459,TODAY!$B$10,FORM!$B$2:$B459,F$2,FORM!$A$2:$A459,">"&$B31+0.5,FORM!$A$2:$A459,"<"&$B31+1.5)-sumifs(FORM!$D$2:$D459,FORM!$C$2:$C459,TODAY!$B$9,FORM!$B$2:$B459,F$2,FORM!$A$2:$A459,">"&$B31+0.5,FORM!$A$2:$A459,"<"&$B31+1.5) -> -254 | G31: =sumifs(FORM!$D$2:$D459,FORM!$C$2:$C459,TODAY!$B$10,FORM!$B$2:$B459,G$2,FORM!$A$2:$A459,">"&$B31+0.5,FORM!$A$2:$A459,"<"&$B31+1.5)-sumifs(FORM!$D$2:$D459,FORM!$C$2:$C459,TODAY!$B$9,FORM!$B$2:$B459,G$2,FORM!$A$2:$A459,">"&$B31+0.5,FORM!$A$2:$A459,"<"&$B31+1.5) -> 0 | H31: =sumifs(FORM!$D$2:$D459,FORM!$C$2:$C459,TODAY!$B$10,FORM!$B$2:$B459,H$2,FORM!$A$2:$A459,">"&$B31+0.5,FORM!$A$2:$A459,"<"&$B31+1.5)-sumifs(FORM!$D$2:$D459,FORM!$C$2:$C459,TODAY!$B$9,FORM!$B$2:$B459,H$2,FORM!$A$2:$A459,">"&$B31+0.5,FORM!$A$2:$A459,"<"&$B31+1.5) -> -412 | I31: =sumifs(FORM!$D$2:$D459,FORM!$C$2:$C459,TODAY!$B$10,FORM!$B$2:$B459,I$2,FORM!$A$2:$A459,">"&$B31+0.5,FORM!$A$2:$A459,"<"&$B31+1.5)-sumifs(FORM!$D$2:$D459,FORM!$C$2:$C459,TODAY!$B$9,FORM!$B$2:$B459,I$2,FORM!$A$2:$A459,">"&$B31+0.5,FORM!$A$2:$A459,"<"&$B31+1.5) -> 300 | J31: =sumifs(FORM!$D$2:$D459,FORM!$C$2:$C459,TODAY!$B$10,FORM!$B$2:$B459,J$2,FORM!$A$2:$A459,">"&$B31+0.5,FORM!$A$2:$A459,"<"&$B31+1.5)-sumifs(FORM!$D$2:$D459,FORM!$C$2:$C459,TODAY!$B$9,FORM!$B$2:$B459,J$2,FORM!$A$2:$A459,">"&$B31+0.5,FORM!$A$2:$A459,"<"&$B31+1.5) -> 630 | K31: =sumifs(FORM!$D$2:$D459,FORM!$C$2:$C459,TODAY!$B$10,FORM!$B$2:$B459,K$2,FORM!$A$2:$A459,">"&$B31+0.5,FORM!$A$2:$A459,"<"&$B31+1.5)-sumifs(FORM!$D$2:$D459,FORM!$C$2:$C459,TODAY!$B$9,FORM!$B$2:$B459,K$2,FORM!$A$2:$A459,">"&$B31+0.5,FORM!$A$2:$A459,"<"&$B31+1.5) -> 0 | ... P31: =sumifs(FORM!$D$2:$D459,FORM!$C$2:$C459,TODAY!$B$10,FORM!$B$2:$B459,P$2,FORM!$A$2:$A459,">"&$B31+0.5,FORM!$A$2:$A459,"<"&$B31+1.5)-sumifs(FORM!$D$2:$D459,FORM!$C$2:$C459,TODAY!$B$9,FORM!$B$2:$B459,P$2,FORM!$A$2:$A459,">"&$B31+0.5,FORM!$A$2:$A459,"<"&$B31+1.5) -> -400 | Q31: 0 | R31: 0 | S31: 0 | T31: 0 | U31: =if(or($C31="",U$2=""),"",(sumifs(FORM!$D$2:$D459,FORM!$C$2:$C459,TODAY!$B$10,FORM!$B$2:$B459,U$2,FORM!$A$2:$A459,">"&$B31+0.5,FORM!$A$2:$A459,"<"&$B31+1.5)-sumifs(FORM!$D$2:$D459,FORM!$C$2:$C459,TODAY!$B$9,FORM!$B$2:$B459,U$2,FORM!$A$2:$A459,">"&$B31+0.5,FORM!$A$2:$A459,"<"&$B31+1.5))/$C31) -> 0
B32: 44981 | C32: 10 | D32: =sumifs(FORM!$D$2:$D459,FORM!$C$2:$C459,TODAY!$B$10,FORM!$B$2:$B459,D$2,FORM!$A$2:$A459,">"&$B32+0.5,FORM!$A$2:$A459,"<"&$B32+1.5)-sumifs(FORM!$D$2:$D459,FORM!$C$2:$C459,TODAY!$B$9,FORM!$B$2:$B459,D$2,FORM!$A$2:$A459,">"&$B32+0.5,FORM!$A$2:$A459,"<"&$B32+1.5) -> 0 | E32: =sumifs(FORM!$D$2:$D459,FORM!$C$2:$C459,TODAY!$B$10,FORM!$B$2:$B459,E$2,FORM!$A$2:$A459,">"&$B32+0.5,FORM!$A$2:$A459,"<"&$B32+1.5)-sumifs(FORM!$D$2:$D459,FORM!$C$2:$C459,TODAY!$B$9,FORM!$B$2:$B459,E$2,FORM!$A$2:$A459,">"&$B32+0.5,FORM!$A$2:$A459,"<"&$B32+1.5) -> 320 | F32: =sumifs(FORM!$D$2:$D459,FORM!$C$2:$C459,TODAY!$B$10,FORM!$B$2:$B459,F$2,FORM!$A$2:$A459,">"&$B32+0.5,FORM!$A$2:$A459,"<"&$B32+1.5)-sumifs(FORM!$D$2:$D459,FORM!$C$2:$C459,TODAY!$B$9,FORM!$B$2:$B459,F$2,FORM!$A$2:$A459,">"&$B32+0.5,FORM!$A$2:$A459,"<"&$B32+1.5) -> -200 | G32: =sumifs(FORM!$D$2:$D459,FORM!$C$2:$C459,TODAY!$B$10,FORM!$B$2:$B459,G$2,FORM!$A$2:$A459,">"&$B32+0.5,FORM!$A$2:$A459,"<"&$B32+1.5)-sumifs(FORM!$D$2:$D459,FORM!$C$2:$C459,TODAY!$B$9,FORM!$B$2:$B459,G$2,FORM!$A$2:$A459,">"&$B32+0.5,FORM!$A$2:$A459,"<"&$B32+1.5) -> -317 | H32: =sumifs(FORM!$D$2:$D459,FORM!$C$2:$C459,TODAY!$B$10,FORM!$B$2:$B459,H$2,FORM!$A$2:$A459,">"&$B32+0.5,FORM!$A$2:$A459,"<"&$B32+1.5)-sumifs(FORM!$D$2:$D459,FORM!$C$2:$C459,TODAY!$B$9,FORM!$B$2:$B459,H$2,FORM!$A$2:$A459,">"&$B32+0.5,FORM!$A$2:$A459,"<"&$B32+1.5) -> 306 | I32: =sumifs(FORM!$D$2:$D459,FORM!$C$2:$C459,TODAY!$B$10,FORM!$B$2:$B459,I$2,FORM!$A$2:$A459,">"&$B32+0.5,FORM!$A$2:$A459,"<"&$B32+1.5)-sumifs(FORM!$D$2:$D459,FORM!$C$2:$C459,TODAY!$B$9,FORM!$B$2:$B459,I$2,FORM!$A$2:$A459,">"&$B32+0.5,FORM!$A$2:$A459,"<"&$B32+1.5) -> -255 | J32: =sumifs(FORM!$D$2:$D459,FORM!$C$2:$C459,TODAY!$B$10,FORM!$B$2:$B459,J$2,FORM!$A$2:$A459,">"&$B32+0.5,FORM!$A$2:$A459,"<"&$B32+1.5)-sumifs(FORM!$D$2:$D459,FORM!$C$2:$C459,TODAY!$B$9,FORM!$B$2:$B459,J$2,FORM!$A$2:$A459,">"&$B32+0.5,FORM!$A$2:$A459,"<"&$B32+1.5) -> 146 | K32: =sumifs(FORM!$D$2:$D459,FORM!$C$2:$C459,TODAY!$B$10,FORM!$B$2:$B459,K$2,FORM!$A$2:$A459,">"&$B32+0.5,FORM!$A$2:$A459,"<"&$B32+1.5)-sumifs(FORM!$D$2:$D459,FORM!$C$2:$C459,TODAY!$B$9,FORM!$B$2:$B459,K$2,FORM!$A$2:$A459,">"&$B32+0.5,FORM!$A$2:$A459,"<"&$B32+1.5) -> 0 | ... P32: =sumifs(FORM!$D$2:$D459,FORM!$C$2:$C459,TODAY!$B$10,FORM!$B$2:$B459,P$2,FORM!$A$2:$A459,">"&$B32+0.5,FORM!$A$2:$A459,"<"&$B32+1.5)-sumifs(FORM!$D$2:$D459,FORM!$C$2:$C459,TODAY!$B$9,FORM!$B$2:$B459,P$2,FORM!$A$2:$A459,">"&$B32+0.5,FORM!$A$2:$A459,"<"&$B32+1.5) -> 0 | Q32: 0 | R32: 0 | S32: 0 | T32: 0 | U32: =if(or($C32="",U$2=""),"",(sumifs(FORM!$D$2:$D459,FORM!$C$2:$C459,TODAY!$B$10,FORM!$B$2:$B459,U$2,FORM!$A$2:$A459,">"&$B32+0.5,FORM!$A$2:$A459,"<"&$B32+1.5)-sumifs(FORM!$D$2:$D459,FORM!$C$2:$C459,TODAY!$B$9,FORM!$B$2:$B459,U$2,FORM!$A$2:$A459,">"&$B32+0.5,FORM!$A$2:$A459,"<"&$B32+1.5))/$C32) -> 0
B33: 44982 | C33: 10 | D33: =sumifs(FORM!$D$2:$D459,FORM!$C$2:$C459,TODAY!$B$10,FORM!$B$2:$B459,D$2,FORM!$A$2:$A459,">"&$B33+0.5,FORM!$A$2:$A459,"<"&$B33+1.5)-sumifs(FORM!$D$2:$D459,FORM!$C$2:$C459,TODAY!$B$9,FORM!$B$2:$B459,D$2,FORM!$A$2:$A459,">"&$B33+0.5,FORM!$A$2:$A459,"<"&$B33+1.5) -> 0 | E33: =sumifs(FORM!$D$2:$D459,FORM!$C$2:$C459,TODAY!$B$10,FORM!$B$2:$B459,E$2,FORM!$A$2:$A459,">"&$B33+0.5,FORM!$A$2:$A459,"<"&$B33+1.5)-sumifs(FORM!$D$2:$D459,FORM!$C$2:$C459,TODAY!$B$9,FORM!$B$2:$B459,E$2,FORM!$A$2:$A459,">"&$B33+0.5,FORM!$A$2:$A459,"<"&$B33+1.5) -> 350 | F33: =sumifs(FORM!$D$2:$D459,FORM!$C$2:$C459,TODAY!$B$10,FORM!$B$2:$B459,F$2,FORM!$A$2:$A459,">"&$B33+0.5,FORM!$A$2:$A459,"<"&$B33+1.5)-sumifs(FORM!$D$2:$D459,FORM!$C$2:$C459,TODAY!$B$9,FORM!$B$2:$B459,F$2,FORM!$A$2:$A459,">"&$B33+0.5,FORM!$A$2:$A459,"<"&$B33+1.5) -> -200 | G33: =sumifs(FORM!$D$2:$D459,FORM!$C$2:$C459,TODAY!$B$10,FORM!$B$2:$B459,G$2,FORM!$A$2:$A459,">"&$B33+0.5,FORM!$A$2:$A459,"<"&$B33+1.5)-sumifs(FORM!$D$2:$D459,FORM!$C$2:$C459,TODAY!$B$9,FORM!$B$2:$B459,G$2,FORM!$A$2:$A459,">"&$B33+0.5,FORM!$A$2:$A459,"<"&$B33+1.5) -> -1059 | H33: =sumifs(FORM!$D$2:$D459,FORM!$C$2:$C459,TODAY!$B$10,FORM!$B$2:$B459,H$2,FORM!$A$2:$A459,">"&$B33+0.5,FORM!$A$2:$A459,"<"&$B33+1.5)-sumifs(FORM!$D$2:$D459,FORM!$C$2:$C459,TODAY!$B$9,FORM!$B$2:$B459,H$2,FORM!$A$2:$A459,">"&$B33+0.5,FORM!$A$2:$A459,"<"&$B33+1.5) -> -36 | I33: =sumifs(FORM!$D$2:$D459,FORM!$C$2:$C459,TODAY!$B$10,FORM!$B$2:$B459,I$2,FORM!$A$2:$A459,">"&$B33+0.5,FORM!$A$2:$A459,"<"&$B33+1.5)-sumifs(FORM!$D$2:$D459,FORM!$C$2:$C459,TODAY!$B$9,FORM!$B$2:$B459,I$2,FORM!$A$2:$A459,">"&$B33+0.5,FORM!$A$2:$A459,"<"&$B33+1.5) -> 95 | J33: =sumifs(FORM!$D$2:$D459,FORM!$C$2:$C459,TODAY!$B$10,FORM!$B$2:$B459,J$2,FORM!$A$2:$A459,">"&$B33+0.5,FORM!$A$2:$A459,"<"&$B33+1.5)-sumifs(FORM!$D$2:$D459,FORM!$C$2:$C459,TODAY!$B$9,FORM!$B$2:$B459,J$2,FORM!$A$2:$A459,">"&$B33+0.5,FORM!$A$2:$A459,"<"&$B33+1.5) -> 850 | K33: =sumifs(FORM!$D$2:$D459,FORM!$C$2:$C459,TODAY!$B$10,FORM!$B$2:$B459,K$2,FORM!$A$2:$A459,">"&$B33+0.5,FORM!$A$2:$A459,"<"&$B33+1.5)-sumifs(FORM!$D$2:$D459,FORM!$C$2:$C459,TODAY!$B$9,FORM!$B$2:$B459,K$2,FORM!$A$2:$A459,">"&$B33+0.5,FORM!$A$2:$A459,"<"&$B33+1.5) -> 0 | ... P33: =sumifs(FORM!$D$2:$D459,FORM!$C$2:$C459,TODAY!$B$10,FORM!$B$2:$B459,P$2,FORM!$A$2:$A459,">"&$B33+0.5,FORM!$A$2:$A459,"<"&$B33+1.5)-sumifs(FORM!$D$2:$D459,FORM!$C$2:$C459,TODAY!$B$9,FORM!$B$2:$B459,P$2,FORM!$A$2:$A459,">"&$B33+0.5,FORM!$A$2:$A459,"<"&$B33+1.5) -> 0 | Q33: 0 | R33: 0 | S33: 0 | T33: 0 | U33: =if(or($C33="",U$2=""),"",(sumifs(FORM!$D$2:$D459,FORM!$C$2:$C459,TODAY!$B$10,FORM!$B$2:$B459,U$2,FORM!$A$2:$A459,">"&$B33+0.5,FORM!$A$2:$A459,"<"&$B33+1.5)-sumifs(FORM!$D$2:$D459,FORM!$C$2:$C459,TODAY!$B$9,FORM!$B$2:$B459,U$2,FORM!$A$2:$A459,">"&$B33+0.5,FORM!$A$2:$A459,"<"&$B33+1.5))/$C33) -> 0
B34: 44983 | C34: 10 | D34: =sumifs(FORM!$D$2:$D459,FORM!$C$2:$C459,TODAY!$B$10,FORM!$B$2:$B459,D$2,FORM!$A$2:$A459,">"&$B34+0.5,FORM!$A$2:$A459,"<"&$B34+1.5)-sumifs(FORM!$D$2:$D459,FORM!$C$2:$C459,TODAY!$B$9,FORM!$B$2:$B459,D$2,FORM!$A$2:$A459,">"&$B34+0.5,FORM!$A$2:$A459,"<"&$B34+1.5) -> 420 | E34: =sumifs(FORM!$D$2:$D459,FORM!$C$2:$C459,TODAY!$B$10,FORM!$B$2:$B459,E$2,FORM!$A$2:$A459,">"&$B34+0.5,FORM!$A$2:$A459,"<"&$B34+1.5)-sumifs(FORM!$D$2:$D459,FORM!$C$2:$C459,TODAY!$B$9,FORM!$B$2:$B459,E$2,FORM!$A$2:$A459,">"&$B34+0.5,FORM!$A$2:$A459,"<"&$B34+1.5) -> -300 | F34: =sumifs(FORM!$D$2:$D459,FORM!$C$2:$C459,TODAY!$B$10,FORM!$B$2:$B459,F$2,FORM!$A$2:$A459,">"&$B34+0.5,FORM!$A$2:$A459,"<"&$B34+1.5)-sumifs(FORM!$D$2:$D459,FORM!$C$2:$C459,TODAY!$B$9,FORM!$B$2:$B459,F$2,FORM!$A$2:$A459,">"&$B34+0.5,FORM!$A$2:$A459,"<"&$B34+1.5) -> 305 | G34: =sumifs(FORM!$D$2:$D459,FORM!$C$2:$C459,TODAY!$B$10,FORM!$B$2:$B459,G$2,FORM!$A$2:$A459,">"&$B34+0.5,FORM!$A$2:$A459,"<"&$B34+1.5)-sumifs(FORM!$D$2:$D459,FORM!$C$2:$C459,TODAY!$B$9,FORM!$B$2:$B459,G$2,FORM!$A$2:$A459,">"&$B34+0.5,FORM!$A$2:$A459,"<"&$B34+1.5) -> 0 | H34: =sumifs(FORM!$D$2:$D459,FORM!$C$2:$C459,TODAY!$B$10,FORM!$B$2:$B459,H$2,FORM!$A$2:$A459,">"&$B34+0.5,FORM!$A$2:$A459,"<"&$B34+1.5)-sumifs(FORM!$D$2:$D459,FORM!$C$2:$C459,TODAY!$B$9,FORM!$B$2:$B459,H$2,FORM!$A$2:$A459,">"&$B34+0.5,FORM!$A$2:$A459,"<"&$B34+1.5) -> -7 | I34: =sumifs(FORM!$D$2:$D459,FORM!$C$2:$C459,TODAY!$B$10,FORM!$B$2:$B459,I$2,FORM!$A$2:$A459,">"&$B34+0.5,FORM!$A$2:$A459,"<"&$B34+1.5)-sumifs(FORM!$D$2:$D459,FORM!$C$2:$C459,TODAY!$B$9,FORM!$B$2:$B459,I$2,FORM!$A$2:$A459,">"&$B34+0.5,FORM!$A$2:$A459,"<"&$B34+1.5) -> -94 | J34: =sumifs(FORM!$D$2:$D459,FORM!$C$2:$C459,TODAY!$B$10,FORM!$B$2:$B459,J$2,FORM!$A$2:$A459,">"&$B34+0.5,FORM!$A$2:$A459,"<"&$B34+1.5)-sumifs(FORM!$D$2:$D459,FORM!$C$2:$C459,TODAY!$B$9,FORM!$B$2:$B459,J$2,FORM!$A$2:$A459,">"&$B34+0.5,FORM!$A$2:$A459,"<"&$B34+1.5) -> -400 | K34: =sumifs(FORM!$D$2:$D459,FORM!$C$2:$C459,TODAY!$B$10,FORM!$B$2:$B459,K$2,FORM!$A$2:$A459,">"&$B34+0.5,FORM!$A$2:$A459,"<"&$B34+1.5)-sumifs(FORM!$D$2:$D459,FORM!$C$2:$C459,TODAY!$B$9,FORM!$B$2:$B459,K$2,FORM!$A$2:$A459,">"&$B34+0.5,FORM!$A$2:$A459,"<"&$B34+1.5) -> 0 | ... P34: =sumifs(FORM!$D$2:$D459,FORM!$C$2:$C459,TODAY!$B$10,FORM!$B$2:$B459,P$2,FORM!$A$2:$A459,">"&$B34+0.5,FORM!$A$2:$A459,"<"&$B34+1.5)-sumifs(FORM!$D$2:$D459,FORM!$C$2:$C459,TODAY!$B$9,FORM!$B$2:$B459,P$2,FORM!$A$2:$A459,">"&$B34+0.5,FORM!$A$2:$A459,"<"&$B34+1.5) -> 76 | Q34: 0 | R34: 0 | S34: 0 | T34: 0 | U34: =if(or($C34="",U$2=""),"",(sumifs(FORM!$D$2:$D459,FORM!$C$2:$C459,TODAY!$B$10,FORM!$B$2:$B459,U$2,FORM!$A$2:$A459,">"&$B34+0.5,FORM!$A$2:$A459,"<"&$B34+1.5)-sumifs(FORM!$D$2:$D459,FORM!$C$2:$C459,TODAY!$B$9,FORM!$B$2:$B459,U$2,FORM!$A$2:$A459,">"&$B34+0.5,FORM!$A$2:$A459,"<"&$B34+1.5))/$C34) -> 0
B35: 44989 | C35: 10 | D35: =sumifs(FORM!$D$2:$D459,FORM!$C$2:$C459,TODAY!$B$10,FORM!$B$2:$B459,D$2,FORM!$A$2:$A459,">"&$B35+0.5,FORM!$A$2:$A459,"<"&$B35+1.5)-sumifs(FORM!$D$2:$D459,FORM!$C$2:$C459,TODAY!$B$9,FORM!$B$2:$B459,D$2,FORM!$A$2:$A459,">"&$B35+0.5,FORM!$A$2:$A459,"<"&$B35+1.5) -> -49 | E35: =sumifs(FORM!$D$2:$D459,FORM!$C$2:$C459,TODAY!$B$10,FORM!$B$2:$B459,E$2,FORM!$A$2:$A459,">"&$B35+0.5,FORM!$A$2:$A459,"<"&$B35+1.5)-sumifs(FORM!$D$2:$D459,FORM!$C$2:$C459,TODAY!$B$9,FORM!$B$2:$B459,E$2,FORM!$A$2:$A459,">"&$B35+0.5,FORM!$A$2:$A459,"<"&$B35+1.5) -> 0 | F35: =sumifs(FORM!$D$2:$D459,FORM!$C$2:$C459,TODAY!$B$10,FORM!$B$2:$B459,F$2,FORM!$A$2:$A459,">"&$B35+0.5,FORM!$A$2:$A459,"<"&$B35+1.5)-sumifs(FORM!$D$2:$D459,FORM!$C$2:$C459,TODAY!$B$9,FORM!$B$2:$B459,F$2,FORM!$A$2:$A459,">"&$B35+0.5,FORM!$A$2:$A459,"<"&$B35+1.5) -> 0 | G35: =sumifs(FORM!$D$2:$D459,FORM!$C$2:$C459,TODAY!$B$10,FORM!$B$2:$B459,G$2,FORM!$A$2:$A459,">"&$B35+0.5,FORM!$A$2:$A459,"<"&$B35+1.5)-sumifs(FORM!$D$2:$D459,FORM!$C$2:$C459,TODAY!$B$9,FORM!$B$2:$B459,G$2,FORM!$A$2:$A459,">"&$B35+0.5,FORM!$A$2:$A459,"<"&$B35+1.5) -> 0 | H35: =sumifs(FORM!$D$2:$D459,FORM!$C$2:$C459,TODAY!$B$10,FORM!$B$2:$B459,H$2,FORM!$A$2:$A459,">"&$B35+0.5,FORM!$A$2:$A459,"<"&$B35+1.5)-sumifs(FORM!$D$2:$D459,FORM!$C$2:$C459,TODAY!$B$9,FORM!$B$2:$B459,H$2,FORM!$A$2:$A459,">"&$B35+0.5,FORM!$A$2:$A459,"<"&$B35+1.5) -> 70 | I35: =sumifs(FORM!$D$2:$D459,FORM!$C$2:$C459,TODAY!$B$10,FORM!$B$2:$B459,I$2,FORM!$A$2:$A459,">"&$B35+0.5,FORM!$A$2:$A459,"<"&$B35+1.5)-sumifs(FORM!$D$2:$D459,FORM!$C$2:$C459,TODAY!$B$9,FORM!$B$2:$B459,I$2,FORM!$A$2:$A459,">"&$B35+0.5,FORM!$A$2:$A459,"<"&$B35+1.5) -> -91 | J35: =sumifs(FORM!$D$2:$D459,FORM!$C$2:$C459,TODAY!$B$10,FORM!$B$2:$B459,J$2,FORM!$A$2:$A459,">"&$B35+0.5,FORM!$A$2:$A459,"<"&$B35+1.5)-sumifs(FORM!$D$2:$D459,FORM!$C$2:$C459,TODAY!$B$9,FORM!$B$2:$B459,J$2,FORM!$A$2:$A459,">"&$B35+0.5,FORM!$A$2:$A459,"<"&$B35+1.5) -> 0 | K35: =sumifs(FORM!$D$2:$D459,FORM!$C$2:$C459,TODAY!$B$10,FORM!$B$2:$B459,K$2,FORM!$A$2:$A459,">"&$B35+0.5,FORM!$A$2:$A459,"<"&$B35+1.5)-sumifs(FORM!$D$2:$D459,FORM!$C$2:$C459,TODAY!$B$9,FORM!$B$2:$B459,K$2,FORM!$A$2:$A459,">"&$B35+0.5,FORM!$A$2:$A459,"<"&$B35+1.5) -> 0 | ... P35: =sumifs(FORM!$D$2:$D459,FORM!$C$2:$C459,TODAY!$B$10,FORM!$B$2:$B459,P$2,FORM!$A$2:$A459,">"&$B35+0.5,FORM!$A$2:$A459,"<"&$B35+1.5)-sumifs(FORM!$D$2:$D459,FORM!$C$2:$C459,TODAY!$B$9,FORM!$B$2:$B459,P$2,FORM!$A$2:$A459,">"&$B35+0.5,FORM!$A$2:$A459,"<"&$B35+1.5) -> 70 | Q35: 0 | R35: 0 | S35: 0 | T35: 0 | U35: =if(or($C35="",U$2=""),"",(sumifs(FORM!$D$2:$D459,FORM!$C$2:$C459,TODAY!$B$10,FORM!$B$2:$B459,U$2,FORM!$A$2:$A459,">"&$B35+0.5,FORM!$A$2:$A459,"<"&$B35+1.5)-sumifs(FORM!$D$2:$D459,FORM!$C$2:$C459,TODAY!$B$9,FORM!$B$2:$B459,U$2,FORM!$A$2:$A459,">"&$B35+0.5,FORM!$A$2:$A459,"<"&$B35+1.5))/$C35) -> 0
B36: 44995 | C36: 10 | D36: =sumifs(FORM!$D$2:$D459,FORM!$C$2:$C459,TODAY!$B$10,FORM!$B$2:$B459,D$2,FORM!$A$2:$A459,">"&$B36+0.5,FORM!$A$2:$A459,"<"&$B36+1.5)-sumifs(FORM!$D$2:$D459,FORM!$C$2:$C459,TODAY!$B$9,FORM!$B$2:$B459,D$2,FORM!$A$2:$A459,">"&$B36+0.5,FORM!$A$2:$A459,"<"&$B36+1.5) -> -366 | E36: =sumifs(FORM!$D$2:$D459,FORM!$C$2:$C459,TODAY!$B$10,FORM!$B$2:$B459,E$2,FORM!$A$2:$A459,">"&$B36+0.5,FORM!$A$2:$A459,"<"&$B36+1.5)-sumifs(FORM!$D$2:$D459,FORM!$C$2:$C459,TODAY!$B$9,FORM!$B$2:$B459,E$2,FORM!$A$2:$A459,">"&$B36+0.5,FORM!$A$2:$A459,"<"&$B36+1.5) -> -178 | F36: =sumifs(FORM!$D$2:$D459,FORM!$C$2:$C459,TODAY!$B$10,FORM!$B$2:$B459,F$2,FORM!$A$2:$A459,">"&$B36+0.5,FORM!$A$2:$A459,"<"&$B36+1.5)-sumifs(FORM!$D$2:$D459,FORM!$C$2:$C459,TODAY!$B$9,FORM!$B$2:$B459,F$2,FORM!$A$2:$A459,">"&$B36+0.5,FORM!$A$2:$A459,"<"&$B36+1.5) -> -157 | G36: =sumifs(FORM!$D$2:$D459,FORM!$C$2:$C459,TODAY!$B$10,FORM!$B$2:$B459,G$2,FORM!$A$2:$A459,">"&$B36+0.5,FORM!$A$2:$A459,"<"&$B36+1.5)-sumifs(FORM!$D$2:$D459,FORM!$C$2:$C459,TODAY!$B$9,FORM!$B$2:$B459,G$2,FORM!$A$2:$A459,">"&$B36+0.5,FORM!$A$2:$A459,"<"&$B36+1.5) -> -277 | H36: =sumifs(FORM!$D$2:$D459,FORM!$C$2:$C459,TODAY!$B$10,FORM!$B$2:$B459,H$2,FORM!$A$2:$A459,">"&$B36+0.5,FORM!$A$2:$A459,"<"&$B36+1.5)-sumifs(FORM!$D$2:$D459,FORM!$C$2:$C459,TODAY!$B$9,FORM!$B$2:$B459,H$2,FORM!$A$2:$A459,">"&$B36+0.5,FORM!$A$2:$A459,"<"&$B36+1.5) -> 583 | I36: =sumifs(FORM!$D$2:$D459,FORM!$C$2:$C459,TODAY!$B$10,FORM!$B$2:$B459,I$2,FORM!$A$2:$A459,">"&$B36+0.5,FORM!$A$2:$A459,"<"&$B36+1.5)-sumifs(FORM!$D$2:$D459,FORM!$C$2:$C459,TODAY!$B$9,FORM!$B$2:$B459,I$2,FORM!$A$2:$A459,">"&$B36+0.5,FORM!$A$2:$A459,"<"&$B36+1.5) -> 0 | J36: =sumifs(FORM!$D$2:$D459,FORM!$C$2:$C459,TODAY!$B$10,FORM!$B$2:$B459,J$2,FORM!$A$2:$A459,">"&$B36+0.5,FORM!$A$2:$A459,"<"&$B36+1.5)-sumifs(FORM!$D$2:$D459,FORM!$C$2:$C459,TODAY!$B$9,FORM!$B$2:$B459,J$2,FORM!$A$2:$A459,">"&$B36+0.5,FORM!$A$2:$A459,"<"&$B36+1.5) -> 0 | K36: =sumifs(FORM!$D$2:$D459,FORM!$C$2:$C459,TODAY!$B$10,FORM!$B$2:$B459,K$2,FORM!$A$2:$A459,">"&$B36+0.5,FORM!$A$2:$A459,"<"&$B36+1.5)-sumifs(FORM!$D$2:$D459,FORM!$C$2:$C459,TODAY!$B$9,FORM!$B$2:$B459,K$2,FORM!$A$2:$A459,">"&$B36+0.5,FORM!$A$2:$A459,"<"&$B36+1.5) -> 0 | ... P36: =sumifs(FORM!$D$2:$D459,FORM!$C$2:$C459,TODAY!$B$10,FORM!$B$2:$B459,P$2,FORM!$A$2:$A459,">"&$B36+0.5,FORM!$A$2:$A459,"<"&$B36+1.5)-sumifs(FORM!$D$2:$D459,FORM!$C$2:$C459,TODAY!$B$9,FORM!$B$2:$B459,P$2,FORM!$A$2:$A459,">"&$B36+0.5,FORM!$A$2:$A459,"<"&$B36+1.5) -> 395 | Q36: 0 | R36: 0 | S36: 0 | T36: 0 | U36: =if(or($C36="",U$2=""),"",(sumifs(FORM!$D$2:$D459,FORM!$C$2:$C459,TODAY!$B$10,FORM!$B$2:$B459,U$2,FORM!$A$2:$A459,">"&$B36+0.5,FORM!$A$2:$A459,"<"&$B36+1.5)-sumifs(FORM!$D$2:$D459,FORM!$C$2:$C459,TODAY!$B$9,FORM!$B$2:$B459,U$2,FORM!$A$2:$A459,">"&$B36+0.5,FORM!$A$2:$A459,"<"&$B36+1.5))/$C36) -> 0
B37: 44996 | C37: 10 | D37: =sumifs(FORM!$D$2:$D459,FORM!$C$2:$C459,TODAY!$B$10,FORM!$B$2:$B459,D$2,FORM!$A$2:$A459,">"&$B37+0.5,FORM!$A$2:$A459,"<"&$B37+1.5)-sumifs(FORM!$D$2:$D459,FORM!$C$2:$C459,TODAY!$B$9,FORM!$B$2:$B459,D$2,FORM!$A$2:$A459,">"&$B37+0.5,FORM!$A$2:$A459,"<"&$B37+1.5) -> 253 | E37: =sumifs(FORM!$D$2:$D459,FORM!$C$2:$C459,TODAY!$B$10,FORM!$B$2:$B459,E$2,FORM!$A$2:$A459,">"&$B37+0.5,FORM!$A$2:$A459,"<"&$B37+1.5)-sumifs(FORM!$D$2:$D459,FORM!$C$2:$C459,TODAY!$B$9,FORM!$B$2:$B459,E$2,FORM!$A$2:$A459,">"&$B37+0.5,FORM!$A$2:$A459,"<"&$B37+1.5) -> 130 | F37: =sumifs(FORM!$D$2:$D459,FORM!$C$2:$C459,TODAY!$B$10,FORM!$B$2:$B459,F$2,FORM!$A$2:$A459,">"&$B37+0.5,FORM!$A$2:$A459,"<"&$B37+1.5)-sumifs(FORM!$D$2:$D459,FORM!$C$2:$C459,TODAY!$B$9,FORM!$B$2:$B459,F$2,FORM!$A$2:$A459,">"&$B37+0.5,FORM!$A$2:$A459,"<"&$B37+1.5) -> 120 | G37: =sumifs(FORM!$D$2:$D459,FORM!$C$2:$C459,TODAY!$B$10,FORM!$B$2:$B459,G$2,FORM!$A$2:$A459,">"&$B37+0.5,FORM!$A$2:$A459,"<"&$B37+1.5)-sumifs(FORM!$D$2:$D459,FORM!$C$2:$C459,TODAY!$B$9,FORM!$B$2:$B459,G$2,FORM!$A$2:$A459,">"&$B37+0.5,FORM!$A$2:$A459,"<"&$B37+1.5) -> 0 | H37: =sumifs(FORM!$D$2:$D459,FORM!$C$2:$C459,TODAY!$B$10,FORM!$B$2:$B459,H$2,FORM!$A$2:$A459,">"&$B37+0.5,FORM!$A$2:$A459,"<"&$B37+1.5)-sumifs(FORM!$D$2:$D459,FORM!$C$2:$C459,TODAY!$B$9,FORM!$B$2:$B459,H$2,FORM!$A$2:$A459,">"&$B37+0.5,FORM!$A$2:$A459,"<"&$B37+1.5) -> 267 | I37: =sumifs(FORM!$D$2:$D459,FORM!$C$2:$C459,TODAY!$B$10,FORM!$B$2:$B459,I$2,FORM!$A$2:$A459,">"&$B37+0.5,FORM!$A$2:$A459,"<"&$B37+1.5)-sumifs(FORM!$D$2:$D459,FORM!$C$2:$C459,TODAY!$B$9,FORM!$B$2:$B459,I$2,FORM!$A$2:$A459,">"&$B37+0.5,FORM!$A$2:$A459,"<"&$B37+1.5) -> 0 | J37: =sumifs(FORM!$D$2:$D459,FORM!$C$2:$C459,TODAY!$B$10,FORM!$B$2:$B459,J$2,FORM!$A$2:$A459,">"&$B37+0.5,FORM!$A$2:$A459,"<"&$B37+1.5)-sumifs(FORM!$D$2:$D459,FORM!$C$2:$C459,TODAY!$B$9,FORM!$B$2:$B459,J$2,FORM!$A$2:$A459,">"&$B37+0.5,FORM!$A$2:$A459,"<"&$B37+1.5) -> -770 | K37: =sumifs(FORM!$D$2:$D459,FORM!$C$2:$C459,TODAY!$B$10,FORM!$B$2:$B459,K$2,FORM!$A$2:$A459,">"&$B37+0.5,FORM!$A$2:$A459,"<"&$B37+1.5)-sumifs(FORM!$D$2:$D459,FORM!$C$2:$C459,TODAY!$B$9,FORM!$B$2:$B459,K$2,FORM!$A$2:$A459,">"&$B37+0.5,FORM!$A$2:$A459,"<"&$B37+1.5) -> 0 | ... P37: =sumifs(FORM!$D$2:$D459,FORM!$C$2:$C459,TODAY!$B$10,FORM!$B$2:$B459,P$2,FORM!$A$2:$A459,">"&$B37+0.5,FORM!$A$2:$A459,"<"&$B37+1.5)-sumifs(FORM!$D$2:$D459,FORM!$C$2:$C459,TODAY!$B$9,FORM!$B$2:$B459,P$2,FORM!$A$2:$A459,">"&$B37+0.5,FORM!$A$2:$A459,"<"&$B37+1.5) -> 0 | Q37: 0 | R37: 0 | S37: 0 | T37: 0 | U37: =if(or($C37="",U$2=""),"",(sumifs(FORM!$D$2:$D459,FORM!$C$2:$C459,TODAY!$B$10,FORM!$B$2:$B459,U$2,FORM!$A$2:$A459,">"&$B37+0.5,FORM!$A$2:$A459,"<"&$B37+1.5)-sumifs(FORM!$D$2:$D459,FORM!$C$2:$C459,TODAY!$B$9,FORM!$B$2:$B459,U$2,FORM!$A$2:$A459,">"&$B37+0.5,FORM!$A$2:$A459,"<"&$B37+1.5))/$C37) -> 0
B38: 45003 | C38: 10 | D38: =sumifs(FORM!$D$2:$D459,FORM!$C$2:$C459,TODAY!$B$10,FORM!$B$2:$B459,D$2,FORM!$A$2:$A459,">"&$B38+0.5,FORM!$A$2:$A459,"<"&$B38+1.5)-sumifs(FORM!$D$2:$D459,FORM!$C$2:$C459,TODAY!$B$9,FORM!$B$2:$B459,D$2,FORM!$A$2:$A459,">"&$B38+0.5,FORM!$A$2:$A459,"<"&$B38+1.5) -> -209 | E38: =sumifs(FORM!$D$2:$D459,FORM!$C$2:$C459,TODAY!$B$10,FORM!$B$2:$B459,E$2,FORM!$A$2:$A459,">"&$B38+0.5,FORM!$A$2:$A459,"<"&$B38+1.5)-sumifs(FORM!$D$2:$D459,FORM!$C$2:$C459,TODAY!$B$9,FORM!$B$2:$B459,E$2,FORM!$A$2:$A459,">"&$B38+0.5,FORM!$A$2:$A459,"<"&$B38+1.5) -> -28 | F38: =sumifs(FORM!$D$2:$D459,FORM!$C$2:$C459,TODAY!$B$10,FORM!$B$2:$B459,F$2,FORM!$A$2:$A459,">"&$B38+0.5,FORM!$A$2:$A459,"<"&$B38+1.5)-sumifs(FORM!$D$2:$D459,FORM!$C$2:$C459,TODAY!$B$9,FORM!$B$2:$B459,F$2,FORM!$A$2:$A459,">"&$B38+0.5,FORM!$A$2:$A459,"<"&$B38+1.5) -> 40 | G38: =sumifs(FORM!$D$2:$D459,FORM!$C$2:$C459,TODAY!$B$10,FORM!$B$2:$B459,G$2,FORM!$A$2:$A459,">"&$B38+0.5,FORM!$A$2:$A459,"<"&$B38+1.5)-sumifs(FORM!$D$2:$D459,FORM!$C$2:$C459,TODAY!$B$9,FORM!$B$2:$B459,G$2,FORM!$A$2:$A459,">"&$B38+0.5,FORM!$A$2:$A459,"<"&$B38+1.5) -> 0 | H38: =sumifs(FORM!$D$2:$D459,FORM!$C$2:$C459,TODAY!$B$10,FORM!$B$2:$B459,H$2,FORM!$A$2:$A459,">"&$B38+0.5,FORM!$A$2:$A459,"<"&$B38+1.5)-sumifs(FORM!$D$2:$D459,FORM!$C$2:$C459,TODAY!$B$9,FORM!$B$2:$B459,H$2,FORM!$A$2:$A459,">"&$B38+0.5,FORM!$A$2:$A459,"<"&$B38+1.5) -> 428 | I38: =sumifs(FORM!$D$2:$D459,FORM!$C$2:$C459,TODAY!$B$10,FORM!$B$2:$B459,I$2,FORM!$A$2:$A459,">"&$B38+0.5,FORM!$A$2:$A459,"<"&$B38+1.5)-sumifs(FORM!$D$2:$D459,FORM!$C$2:$C459,TODAY!$B$9,FORM!$B$2:$B459,I$2,FORM!$A$2:$A459,">"&$B38+0.5,FORM!$A$2:$A459,"<"&$B38+1.5) -> 0 | J38: =sumifs(FORM!$D$2:$D459,FORM!$C$2:$C459,TODAY!$B$10,FORM!$B$2:$B459,J$2,FORM!$A$2:$A459,">"&$B38+0.5,FORM!$A$2:$A459,"<"&$B38+1.5)-sumifs(FORM!$D$2:$D459,FORM!$C$2:$C459,TODAY!$B$9,FORM!$B$2:$B459,J$2,FORM!$A$2:$A459,">"&$B38+0.5,FORM!$A$2:$A459,"<"&$B38+1.5) -> -31 | K38: =sumifs(FORM!$D$2:$D459,FORM!$C$2:$C459,TODAY!$B$10,FORM!$B$2:$B459,K$2,FORM!$A$2:$A459,">"&$B38+0.5,FORM!$A$2:$A459,"<"&$B38+1.5)-sumifs(FORM!$D$2:$D459,FORM!$C$2:$C459,TODAY!$B$9,FORM!$B$2:$B459,K$2,FORM!$A$2:$A459,">"&$B38+0.5,FORM!$A$2:$A459,"<"&$B38+1.5) -> 0 | ... P38: =sumifs(FORM!$D$2:$D459,FORM!$C$2:$C459,TODAY!$B$10,FORM!$B$2:$B459,P$2,FORM!$A$2:$A459,">"&$B38+0.5,FORM!$A$2:$A459,"<"&$B38+1.5)-sumifs(FORM!$D$2:$D459,FORM!$C$2:$C459,TODAY!$B$9,FORM!$B$2:$B459,P$2,FORM!$A$2:$A459,">"&$B38+0.5,FORM!$A$2:$A459,"<"&$B38+1.5) -> -200 | Q38: 0 | R38: 0 | S38: 0 | T38: 0 | U38: =if(or($C38="",U$2=""),"",(sumifs(FORM!$D$2:$D459,FORM!$C$2:$C459,TODAY!$B$10,FORM!$B$2:$B459,U$2,FORM!$A$2:$A459,">"&$B38+0.5,FORM!$A$2:$A459,"<"&$B38+1.5)-sumifs(FORM!$D$2:$D459,FORM!$C$2:$C459,TODAY!$B$9,FORM!$B$2:$B459,U$2,FORM!$A$2:$A459,">"&$B38+0.5,FORM!$A$2:$A459,"<"&$B38+1.5))/$C38) -> 0
B39: 45004 | C39: 10 | D39: =sumifs(FORM!$D$2:$D459,FORM!$C$2:$C459,TODAY!$B$10,FORM!$B$2:$B459,D$2,FORM!$A$2:$A459,">"&$B39+0.5,FORM!$A$2:$A459,"<"&$B39+1.5)-sumifs(FORM!$D$2:$D459,FORM!$C$2:$C459,TODAY!$B$9,FORM!$B$2:$B459,D$2,FORM!$A$2:$A459,">"&$B39+0.5,FORM!$A$2:$A459,"<"&$B39+1.5) -> 212 | E39: =sumifs(FORM!$D$2:$D459,FORM!$C$2:$C459,TODAY!$B$10,FORM!$B$2:$B459,E$2,FORM!$A$2:$A459,">"&$B39+0.5,FORM!$A$2:$A459,"<"&$B39+1.5)-sumifs(FORM!$D$2:$D459,FORM!$C$2:$C459,TODAY!$B$9,FORM!$B$2:$B459,E$2,FORM!$A$2:$A459,">"&$B39+0.5,FORM!$A$2:$A459,"<"&$B39+1.5) -> 20 | F39: =sumifs(FORM!$D$2:$D459,FORM!$C$2:$C459,TODAY!$B$10,FORM!$B$2:$B459,F$2,FORM!$A$2:$A459,">"&$B39+0.5,FORM!$A$2:$A459,"<"&$B39+1.5)-sumifs(FORM!$D$2:$D459,FORM!$C$2:$C459,TODAY!$B$9,FORM!$B$2:$B459,F$2,FORM!$A$2:$A459,">"&$B39+0.5,FORM!$A$2:$A459,"<"&$B39+1.5) -> 116 | G39: =sumifs(FORM!$D$2:$D459,FORM!$C$2:$C459,TODAY!$B$10,FORM!$B$2:$B459,G$2,FORM!$A$2:$A459,">"&$B39+0.5,FORM!$A$2:$A459,"<"&$B39+1.5)-sumifs(FORM!$D$2:$D459,FORM!$C$2:$C459,TODAY!$B$9,FORM!$B$2:$B459,G$2,FORM!$A$2:$A459,">"&$B39+0.5,FORM!$A$2:$A459,"<"&$B39+1.5) -> 0 | H39: =sumifs(FORM!$D$2:$D459,FORM!$C$2:$C459,TODAY!$B$10,FORM!$B$2:$B459,H$2,FORM!$A$2:$A459,">"&$B39+0.5,FORM!$A$2:$A459,"<"&$B39+1.5)-sumifs(FORM!$D$2:$D459,FORM!$C$2:$C459,TODAY!$B$9,FORM!$B$2:$B459,H$2,FORM!$A$2:$A459,">"&$B39+0.5,FORM!$A$2:$A459,"<"&$B39+1.5) -> 273 | I39: =sumifs(FORM!$D$2:$D459,FORM!$C$2:$C459,TODAY!$B$10,FORM!$B$2:$B459,I$2,FORM!$A$2:$A459,">"&$B39+0.5,FORM!$A$2:$A459,"<"&$B39+1.5)-sumifs(FORM!$D$2:$D459,FORM!$C$2:$C459,TODAY!$B$9,FORM!$B$2:$B459,I$2,FORM!$A$2:$A459,">"&$B39+0.5,FORM!$A$2:$A459,"<"&$B39+1.5) -> -245 | J39: =sumifs(FORM!$D$2:$D459,FORM!$C$2:$C459,TODAY!$B$10,FORM!$B$2:$B459,J$2,FORM!$A$2:$A459,">"&$B39+0.5,FORM!$A$2:$A459,"<"&$B39+1.5)-sumifs(FORM!$D$2:$D459,FORM!$C$2:$C459,TODAY!$B$9,FORM!$B$2:$B459,J$2,FORM!$A$2:$A459,">"&$B39+0.5,FORM!$A$2:$A459,"<"&$B39+1.5) -> -704 | K39: =sumifs(FORM!$D$2:$D459,FORM!$C$2:$C459,TODAY!$B$10,FORM!$B$2:$B459,K$2,FORM!$A$2:$A459,">"&$B39+0.5,FORM!$A$2:$A459,"<"&$B39+1.5)-sumifs(FORM!$D$2:$D459,FORM!$C$2:$C459,TODAY!$B$9,FORM!$B$2:$B459,K$2,FORM!$A$2:$A459,">"&$B39+0.5,FORM!$A$2:$A459,"<"&$B39+1.5) -> 0 | ... P39: =sumifs(FORM!$D$2:$D459,FORM!$C$2:$C459,TODAY!$B$10,FORM!$B$2:$B459,P$2,FORM!$A$2:$A459,">"&$B39+0.5,FORM!$A$2:$A459,"<"&$B39+1.5)-sumifs(FORM!$D$2:$D459,FORM!$C$2:$C459,TODAY!$B$9,FORM!$B$2:$B459,P$2,FORM!$A$2:$A459,">"&$B39+0.5,FORM!$A$2:$A459,"<"&$B39+1.5) -> 328 | Q39: 0 | R39: 0 | S39: 0 | T39: 0 | U39: =if(or($C39="",U$2=""),"",(sumifs(FORM!$D$2:$D459,FORM!$C$2:$C459,TODAY!$B$10,FORM!$B$2:$B459,U$2,FORM!$A$2:$A459,">"&$B39+0.5,FORM!$A$2:$A459,"<"&$B39+1.5)-sumifs(FORM!$D$2:$D459,FORM!$C$2:$C459,TODAY!$B$9,FORM!$B$2:$B459,U$2,FORM!$A$2:$A459,">"&$B39+0.5,FORM!$A$2:$A459,"<"&$B39+1.5))/$C39) -> 0
B40: 45009 | C40: 10 | D40: =sumifs(FORM!$D$2:$D459,FORM!$C$2:$C459,TODAY!$B$10,FORM!$B$2:$B459,D$2,FORM!$A$2:$A459,">"&$B40+0.5,FORM!$A$2:$A459,"<"&$B40+1.5)-sumifs(FORM!$D$2:$D459,FORM!$C$2:$C459,TODAY!$B$9,FORM!$B$2:$B459,D$2,FORM!$A$2:$A459,">"&$B40+0.5,FORM!$A$2:$A459,"<"&$B40+1.5) -> 171 | E40: =sumifs(FORM!$D$2:$D459,FORM!$C$2:$C459,TODAY!$B$10,FORM!$B$2:$B459,E$2,FORM!$A$2:$A459,">"&$B40+0.5,FORM!$A$2:$A459,"<"&$B40+1.5)-sumifs(FORM!$D$2:$D459,FORM!$C$2:$C459,TODAY!$B$9,FORM!$B$2:$B459,E$2,FORM!$A$2:$A459,">"&$B40+0.5,FORM!$A$2:$A459,"<"&$B40+1.5) -> 37 | F40: =sumifs(FORM!$D$2:$D459,FORM!$C$2:$C459,TODAY!$B$10,FORM!$B$2:$B459,F$2,FORM!$A$2:$A459,">"&$B40+0.5,FORM!$A$2:$A459,"<"&$B40+1.5)-sumifs(FORM!$D$2:$D459,FORM!$C$2:$C459,TODAY!$B$9,FORM!$B$2:$B459,F$2,FORM!$A$2:$A459,">"&$B40+0.5,FORM!$A$2:$A459,"<"&$B40+1.5) -> 292 | G40: =sumifs(FORM!$D$2:$D459,FORM!$C$2:$C459,TODAY!$B$10,FORM!$B$2:$B459,G$2,FORM!$A$2:$A459,">"&$B40+0.5,FORM!$A$2:$A459,"<"&$B40+1.5)-sumifs(FORM!$D$2:$D459,FORM!$C$2:$C459,TODAY!$B$9,FORM!$B$2:$B459,G$2,FORM!$A$2:$A459,">"&$B40+0.5,FORM!$A$2:$A459,"<"&$B40+1.5) -> 0 | H40: =sumifs(FORM!$D$2:$D459,FORM!$C$2:$C459,TODAY!$B$10,FORM!$B$2:$B459,H$2,FORM!$A$2:$A459,">"&$B40+0.5,FORM!$A$2:$A459,"<"&$B40+1.5)-sumifs(FORM!$D$2:$D459,FORM!$C$2:$C459,TODAY!$B$9,FORM!$B$2:$B459,H$2,FORM!$A$2:$A459,">"&$B40+0.5,FORM!$A$2:$A459,"<"&$B40+1.5) -> -130 | I40: =sumifs(FORM!$D$2:$D459,FORM!$C$2:$C459,TODAY!$B$10,FORM!$B$2:$B459,I$2,FORM!$A$2:$A459,">"&$B40+0.5,FORM!$A$2:$A459,"<"&$B40+1.5)-sumifs(FORM!$D$2:$D459,FORM!$C$2:$C459,TODAY!$B$9,FORM!$B$2:$B459,I$2,FORM!$A$2:$A459,">"&$B40+0.5,FORM!$A$2:$A459,"<"&$B40+1.5) -> 0 | J40: =sumifs(FORM!$D$2:$D459,FORM!$C$2:$C459,TODAY!$B$10,FORM!$B$2:$B459,J$2,FORM!$A$2:$A459,">"&$B40+0.5,FORM!$A$2:$A459,"<"&$B40+1.5)-sumifs(FORM!$D$2:$D459,FORM!$C$2:$C459,TODAY!$B$9,FORM!$B$2:$B459,J$2,FORM!$A$2:$A459,">"&$B40+0.5,FORM!$A$2:$A459,"<"&$B40+1.5) -> -170 | K40: =sumifs(FORM!$D$2:$D459,FORM!$C$2:$C459,TODAY!$B$10,FORM!$B$2:$B459,K$2,FORM!$A$2:$A459,">"&$B40+0.5,FORM!$A$2:$A459,"<"&$B40+1.5)-sumifs(FORM!$D$2:$D459,FORM!$C$2:$C459,TODAY!$B$9,FORM!$B$2:$B459,K$2,FORM!$A$2:$A459,">"&$B40+0.5,FORM!$A$2:$A459,"<"&$B40+1.5) -> 0 | ... P40: =sumifs(FORM!$D$2:$D459,FORM!$C$2:$C459,TODAY!$B$10,FORM!$B$2:$B459,P$2,FORM!$A$2:$A459,">"&$B40+0.5,FORM!$A$2:$A459,"<"&$B40+1.5)-sumifs(FORM!$D$2:$D459,FORM!$C$2:$C459,TODAY!$B$9,FORM!$B$2:$B459,P$2,FORM!$A$2:$A459,">"&$B40+0.5,FORM!$A$2:$A459,"<"&$B40+1.5) -> -200 | Q40: 0 | R40: 0 | S40: 0 | T40: 0 | U40: =if(or($C40="",U$2=""),"",(sumifs(FORM!$D$2:$D459,FORM!$C$2:$C459,TODAY!$B$10,FORM!$B$2:$B459,U$2,FORM!$A$2:$A459,">"&$B40+0.5,FORM!$A$2:$A459,"<"&$B40+1.5)-sumifs(FORM!$D$2:$D459,FORM!$C$2:$C459,TODAY!$B$9,FORM!$B$2:$B459,U$2,FORM!$A$2:$A459,">"&$B40+0.5,FORM!$A$2:$A459,"<"&$B40+1.5))/$C40) -> 0
B41: 45010 | C41: 10 | D41: =sumifs(FORM!$D$2:$D459,FORM!$C$2:$C459,TODAY!$B$10,FORM!$B$2:$B459,D$2,FORM!$A$2:$A459,">"&$B41+0.5,FORM!$A$2:$A459,"<"&$B41+1.5)-sumifs(FORM!$D$2:$D459,FORM!$C$2:$C459,TODAY!$B$9,FORM!$B$2:$B459,D$2,FORM!$A$2:$A459,">"&$B41+0.5,FORM!$A$2:$A459,"<"&$B41+1.5) -> -126 | E41: =sumifs(FORM!$D$2:$D459,FORM!$C$2:$C459,TODAY!$B$10,FORM!$B$2:$B459,E$2,FORM!$A$2:$A459,">"&$B41+0.5,FORM!$A$2:$A459,"<"&$B41+1.5)-sumifs(FORM!$D$2:$D459,FORM!$C$2:$C459,TODAY!$B$9,FORM!$B$2:$B459,E$2,FORM!$A$2:$A459,">"&$B41+0.5,FORM!$A$2:$A459,"<"&$B41+1.5) -> 235 | F41: =sumifs(FORM!$D$2:$D459,FORM!$C$2:$C459,TODAY!$B$10,FORM!$B$2:$B459,F$2,FORM!$A$2:$A459,">"&$B41+0.5,FORM!$A$2:$A459,"<"&$B41+1.5)-sumifs(FORM!$D$2:$D459,FORM!$C$2:$C459,TODAY!$B$9,FORM!$B$2:$B459,F$2,FORM!$A$2:$A459,">"&$B41+0.5,FORM!$A$2:$A459,"<"&$B41+1.5) -> -310 | G41: =sumifs(FORM!$D$2:$D459,FORM!$C$2:$C459,TODAY!$B$10,FORM!$B$2:$B459,G$2,FORM!$A$2:$A459,">"&$B41+0.5,FORM!$A$2:$A459,"<"&$B41+1.5)-sumifs(FORM!$D$2:$D459,FORM!$C$2:$C459,TODAY!$B$9,FORM!$B$2:$B459,G$2,FORM!$A$2:$A459,">"&$B41+0.5,FORM!$A$2:$A459,"<"&$B41+1.5) -> 0 | H41: =sumifs(FORM!$D$2:$D459,FORM!$C$2:$C459,TODAY!$B$10,FORM!$B$2:$B459,H$2,FORM!$A$2:$A459,">"&$B41+0.5,FORM!$A$2:$A459,"<"&$B41+1.5)-sumifs(FORM!$D$2:$D459,FORM!$C$2:$C459,TODAY!$B$9,FORM!$B$2:$B459,H$2,FORM!$A$2:$A459,">"&$B41+0.5,FORM!$A$2:$A459,"<"&$B41+1.5) -> -472 | I41: =sumifs(FORM!$D$2:$D459,FORM!$C$2:$C459,TODAY!$B$10,FORM!$B$2:$B459,I$2,FORM!$A$2:$A459,">"&$B41+0.5,FORM!$A$2:$A459,"<"&$B41+1.5)-sumifs(FORM!$D$2:$D459,FORM!$C$2:$C459,TODAY!$B$9,FORM!$B$2:$B459,I$2,FORM!$A$2:$A459,">"&$B41+0.5,FORM!$A$2:$A459,"<"&$B41+1.5) -> 0 | J41: =sumifs(FORM!$D$2:$D459,FORM!$C$2:$C459,TODAY!$B$10,FORM!$B$2:$B459,J$2,FORM!$A$2:$A459,">"&$B41+0.5,FORM!$A$2:$A459,"<"&$B41+1.5)-sumifs(FORM!$D$2:$D459,FORM!$C$2:$C459,TODAY!$B$9,FORM!$B$2:$B459,J$2,FORM!$A$2:$A459,">"&$B41+0.5,FORM!$A$2:$A459,"<"&$B41+1.5) -> 373 | K41: =sumifs(FORM!$D$2:$D459,FORM!$C$2:$C459,TODAY!$B$10,FORM!$B$2:$B459,K$2,FORM!$A$2:$A459,">"&$B41+0.5,FORM!$A$2:$A459,"<"&$B41+1.5)-sumifs(FORM!$D$2:$D459,FORM!$C$2:$C459,TODAY!$B$9,FORM!$B$2:$B459,K$2,FORM!$A$2:$A459,">"&$B41+0.5,FORM!$A$2:$A459,"<"&$B41+1.5) -> 0 | ... P41: =sumifs(FORM!$D$2:$D459,FORM!$C$2:$C459,TODAY!$B$10,FORM!$B$2:$B459,P$2,FORM!$A$2:$A459,">"&$B41+0.5,FORM!$A$2:$A459,"<"&$B41+1.5)-sumifs(FORM!$D$2:$D459,FORM!$C$2:$C459,TODAY!$B$9,FORM!$B$2:$B459,P$2,FORM!$A$2:$A459,">"&$B41+0.5,FORM!$A$2:$A459,"<"&$B41+1.5) -> 300 | Q41: 0 | R41: 0 | S41: 0 | T41: 0 | U41: =if(or($C41="",U$2=""),"",(sumifs(FORM!$D$2:$D459,FORM!$C$2:$C459,TODAY!$B$10,FORM!$B$2:$B459,U$2,FORM!$A$2:$A459,">"&$B41+0.5,FORM!$A$2:$A459,"<"&$B41+1.5)-sumifs(FORM!$D$2:$D459,FORM!$C$2:$C459,TODAY!$B$9,FORM!$B$2:$B459,U$2,FORM!$A$2:$A459,">"&$B41+0.5,FORM!$A$2:$A459,"<"&$B41+1.5))/$C41) -> 0
B42: 45011 | C42: 10 | D42: =sumifs(FORM!$D$2:$D459,FORM!$C$2:$C459,TODAY!$B$10,FORM!$B$2:$B459,D$2,FORM!$A$2:$A459,">"&$B42+0.5,FORM!$A$2:$A459,"<"&$B42+1.5)-sumifs(FORM!$D$2:$D459,FORM!$C$2:$C459,TODAY!$B$9,FORM!$B$2:$B459,D$2,FORM!$A$2:$A459,">"&$B42+0.5,FORM!$A$2:$A459,"<"&$B42+1.5) -> 443 | E42: =sumifs(FORM!$D$2:$D459,FORM!$C$2:$C459,TODAY!$B$10,FORM!$B$2:$B459,E$2,FORM!$A$2:$A459,">"&$B42+0.5,FORM!$A$2:$A459,"<"&$B42+1.5)-sumifs(FORM!$D$2:$D459,FORM!$C$2:$C459,TODAY!$B$9,FORM!$B$2:$B459,E$2,FORM!$A$2:$A459,">"&$B42+0.5,FORM!$A$2:$A459,"<"&$B42+1.5) -> -314 | F42: =sumifs(FORM!$D$2:$D459,FORM!$C$2:$C459,TODAY!$B$10,FORM!$B$2:$B459,F$2,FORM!$A$2:$A459,">"&$B42+0.5,FORM!$A$2:$A459,"<"&$B42+1.5)-sumifs(FORM!$D$2:$D459,FORM!$C$2:$C459,TODAY!$B$9,FORM!$B$2:$B459,F$2,FORM!$A$2:$A459,">"&$B42+0.5,FORM!$A$2:$A459,"<"&$B42+1.5) -> 95 | G42: =sumifs(FORM!$D$2:$D459,FORM!$C$2:$C459,TODAY!$B$10,FORM!$B$2:$B459,G$2,FORM!$A$2:$A459,">"&$B42+0.5,FORM!$A$2:$A459,"<"&$B42+1.5)-sumifs(FORM!$D$2:$D459,FORM!$C$2:$C459,TODAY!$B$9,FORM!$B$2:$B459,G$2,FORM!$A$2:$A459,">"&$B42+0.5,FORM!$A$2:$A459,"<"&$B42+1.5) -> 0 | H42: =sumifs(FORM!$D$2:$D459,FORM!$C$2:$C459,TODAY!$B$10,FORM!$B$2:$B459,H$2,FORM!$A$2:$A459,">"&$B42+0.5,FORM!$A$2:$A459,"<"&$B42+1.5)-sumifs(FORM!$D$2:$D459,FORM!$C$2:$C459,TODAY!$B$9,FORM!$B$2:$B459,H$2,FORM!$A$2:$A459,">"&$B42+0.5,FORM!$A$2:$A459,"<"&$B42+1.5) -> -12 | I42: =sumifs(FORM!$D$2:$D459,FORM!$C$2:$C459,TODAY!$B$10,FORM!$B$2:$B459,I$2,FORM!$A$2:$A459,">"&$B42+0.5,FORM!$A$2:$A459,"<"&$B42+1.5)-sumifs(FORM!$D$2:$D459,FORM!$C$2:$C459,TODAY!$B$9,FORM!$B$2:$B459,I$2,FORM!$A$2:$A459,">"&$B42+0.5,FORM!$A$2:$A459,"<"&$B42+1.5) -> 166 | J42: =sumifs(FORM!$D$2:$D459,FORM!$C$2:$C459,TODAY!$B$10,FORM!$B$2:$B459,J$2,FORM!$A$2:$A459,">"&$B42+0.5,FORM!$A$2:$A459,"<"&$B42+1.5)-sumifs(FORM!$D$2:$D459,FORM!$C$2:$C459,TODAY!$B$9,FORM!$B$2:$B459,J$2,FORM!$A$2:$A459,">"&$B42+0.5,FORM!$A$2:$A459,"<"&$B42+1.5) -> 351 | K42: =sumifs(FORM!$D$2:$D459,FORM!$C$2:$C459,TODAY!$B$10,FORM!$B$2:$B459,K$2,FORM!$A$2:$A459,">"&$B42+0.5,FORM!$A$2:$A459,"<"&$B42+1.5)-sumifs(FORM!$D$2:$D459,FORM!$C$2:$C459,TODAY!$B$9,FORM!$B$2:$B459,K$2,FORM!$A$2:$A459,">"&$B42+0.5,FORM!$A$2:$A459,"<"&$B42+1.5) -> 0 | ... P42: =sumifs(FORM!$D$2:$D459,FORM!$C$2:$C459,TODAY!$B$10,FORM!$B$2:$B459,P$2,FORM!$A$2:$A459,">"&$B42+0.5,FORM!$A$2:$A459,"<"&$B42+1.5)-sumifs(FORM!$D$2:$D459,FORM!$C$2:$C459,TODAY!$B$9,FORM!$B$2:$B459,P$2,FORM!$A$2:$A459,">"&$B42+0.5,FORM!$A$2:$A459,"<"&$B42+1.5) -> -729 | Q42: 0 | R42: 0 | S42: 0 | T42: 0 | U42: =if(or($C42="",U$2=""),"",(sumifs(FORM!$D$2:$D459,FORM!$C$2:$C459,TODAY!$B$10,FORM!$B$2:$B459,U$2,FORM!$A$2:$A459,">"&$B42+0.5,FORM!$A$2:$A459,"<"&$B42+1.5)-sumifs(FORM!$D$2:$D459,FORM!$C$2:$C459,TODAY!$B$9,FORM!$B$2:$B459,U$2,FORM!$A$2:$A459,">"&$B42+0.5,FORM!$A$2:$A459,"<"&$B42+1.5))/$C42) -> 0
B43: 45014 | C43: 10 | D43: =sumifs(FORM!$D$2:$D459,FORM!$C$2:$C459,TODAY!$B$10,FORM!$B$2:$B459,D$2,FORM!$A$2:$A459,">"&$B43+0.5,FORM!$A$2:$A459,"<"&$B43+1.5)-sumifs(FORM!$D$2:$D459,FORM!$C$2:$C459,TODAY!$B$9,FORM!$B$2:$B459,D$2,FORM!$A$2:$A459,">"&$B43+0.5,FORM!$A$2:$A459,"<"&$B43+1.5) -> 659 | E43: =sumifs(FORM!$D$2:$D459,FORM!$C$2:$C459,TODAY!$B$10,FORM!$B$2:$B459,E$2,FORM!$A$2:$A459,">"&$B43+0.5,FORM!$A$2:$A459,"<"&$B43+1.5)-sumifs(FORM!$D$2:$D459,FORM!$C$2:$C459,TODAY!$B$9,FORM!$B$2:$B459,E$2,FORM!$A$2:$A459,">"&$B43+0.5,FORM!$A$2:$A459,"<"&$B43+1.5) -> -800 | F43: =sumifs(FORM!$D$2:$D459,FORM!$C$2:$C459,TODAY!$B$10,FORM!$B$2:$B459,F$2,FORM!$A$2:$A459,">"&$B43+0.5,FORM!$A$2:$A459,"<"&$B43+1.5)-sumifs(FORM!$D$2:$D459,FORM!$C$2:$C459,TODAY!$B$9,FORM!$B$2:$B459,F$2,FORM!$A$2:$A459,">"&$B43+0.5,FORM!$A$2:$A459,"<"&$B43+1.5) -> 18 | G43: =sumifs(FORM!$D$2:$D459,FORM!$C$2:$C459,TODAY!$B$10,FORM!$B$2:$B459,G$2,FORM!$A$2:$A459,">"&$B43+0.5,FORM!$A$2:$A459,"<"&$B43+1.5)-sumifs(FORM!$D$2:$D459,FORM!$C$2:$C459,TODAY!$B$9,FORM!$B$2:$B459,G$2,FORM!$A$2:$A459,">"&$B43+0.5,FORM!$A$2:$A459,"<"&$B43+1.5) -> -139 | H43: =sumifs(FORM!$D$2:$D459,FORM!$C$2:$C459,TODAY!$B$10,FORM!$B$2:$B459,H$2,FORM!$A$2:$A459,">"&$B43+0.5,FORM!$A$2:$A459,"<"&$B43+1.5)-sumifs(FORM!$D$2:$D459,FORM!$C$2:$C459,TODAY!$B$9,FORM!$B$2:$B459,H$2,FORM!$A$2:$A459,">"&$B43+0.5,FORM!$A$2:$A459,"<"&$B43+1.5) -> 282 | I43: =sumifs(FORM!$D$2:$D459,FORM!$C$2:$C459,TODAY!$B$10,FORM!$B$2:$B459,I$2,FORM!$A$2:$A459,">"&$B43+0.5,FORM!$A$2:$A459,"<"&$B43+1.5)-sumifs(FORM!$D$2:$D459,FORM!$C$2:$C459,TODAY!$B$9,FORM!$B$2:$B459,I$2,FORM!$A$2:$A459,">"&$B43+0.5,FORM!$A$2:$A459,"<"&$B43+1.5) -> 0 | J43: =sumifs(FORM!$D$2:$D459,FORM!$C$2:$C459,TODAY!$B$10,FORM!$B$2:$B459,J$2,FORM!$A$2:$A459,">"&$B43+0.5,FORM!$A$2:$A459,"<"&$B43+1.5)-sumifs(FORM!$D$2:$D459,FORM!$C$2:$C459,TODAY!$B$9,FORM!$B$2:$B459,J$2,FORM!$A$2:$A459,">"&$B43+0.5,FORM!$A$2:$A459,"<"&$B43+1.5) -> -20 | K43: =sumifs(FORM!$D$2:$D459,FORM!$C$2:$C459,TODAY!$B$10,FORM!$B$2:$B459,K$2,FORM!$A$2:$A459,">"&$B43+0.5,FORM!$A$2:$A459,"<"&$B43+1.5)-sumifs(FORM!$D$2:$D459,FORM!$C$2:$C459,TODAY!$B$9,FORM!$B$2:$B459,K$2,FORM!$A$2:$A459,">"&$B43+0.5,FORM!$A$2:$A459,"<"&$B43+1.5) -> 0 | ... P43: =sumifs(FORM!$D$2:$D459,FORM!$C$2:$C459,TODAY!$B$10,FORM!$B$2:$B459,P$2,FORM!$A$2:$A459,">"&$B43+0.5,FORM!$A$2:$A459,"<"&$B43+1.5)-sumifs(FORM!$D$2:$D459,FORM!$C$2:$C459,TODAY!$B$9,FORM!$B$2:$B459,P$2,FORM!$A$2:$A459,">"&$B43+0.5,FORM!$A$2:$A459,"<"&$B43+1.5) -> 0 | Q43: 0 | R43: 0 | S43: 0 | T43: 0 | U43: =if(or($C43="",U$2=""),"",(sumifs(FORM!$D$2:$D459,FORM!$C$2:$C459,TODAY!$B$10,FORM!$B$2:$B459,U$2,FORM!$A$2:$A459,">"&$B43+0.5,FORM!$A$2:$A459,"<"&$B43+1.5)-sumifs(FORM!$D$2:$D459,FORM!$C$2:$C459,TODAY!$B$9,FORM!$B$2:$B459,U$2,FORM!$A$2:$A459,">"&$B43+0.5,FORM!$A$2:$A459,"<"&$B43+1.5))/$C43) -> 0
B44: 45015 | C44: 10 | D44: =sumifs(FORM!$D$2:$D459,FORM!$C$2:$C459,TODAY!$B$10,FORM!$B$2:$B459,D$2,FORM!$A$2:$A459,">"&$B44+0.5,FORM!$A$2:$A459,"<"&$B44+1.5)-sumifs(FORM!$D$2:$D459,FORM!$C$2:$C459,TODAY!$B$9,FORM!$B$2:$B459,D$2,FORM!$A$2:$A459,">"&$B44+0.5,FORM!$A$2:$A459,"<"&$B44+1.5) -> -517 | E44: =sumifs(FORM!$D$2:$D459,FORM!$C$2:$C459,TODAY!$B$10,FORM!$B$2:$B459,E$2,FORM!$A$2:$A459,">"&$B44+0.5,FORM!$A$2:$A459,"<"&$B44+1.5)-sumifs(FORM!$D$2:$D459,FORM!$C$2:$C459,TODAY!$B$9,FORM!$B$2:$B459,E$2,FORM!$A$2:$A459,">"&$B44+0.5,FORM!$A$2:$A459,"<"&$B44+1.5) -> 682 | F44: =sumifs(FORM!$D$2:$D459,FORM!$C$2:$C459,TODAY!$B$10,FORM!$B$2:$B459,F$2,FORM!$A$2:$A459,">"&$B44+0.5,FORM!$A$2:$A459,"<"&$B44+1.5)-sumifs(FORM!$D$2:$D459,FORM!$C$2:$C459,TODAY!$B$9,FORM!$B$2:$B459,F$2,FORM!$A$2:$A459,">"&$B44+0.5,FORM!$A$2:$A459,"<"&$B44+1.5) -> 298 | G44: =sumifs(FORM!$D$2:$D459,FORM!$C$2:$C459,TODAY!$B$10,FORM!$B$2:$B459,G$2,FORM!$A$2:$A459,">"&$B44+0.5,FORM!$A$2:$A459,"<"&$B44+1.5)-sumifs(FORM!$D$2:$D459,FORM!$C$2:$C459,TODAY!$B$9,FORM!$B$2:$B459,G$2,FORM!$A$2:$A459,">"&$B44+0.5,FORM!$A$2:$A459,"<"&$B44+1.5) -> 0 | H44: =sumifs(FORM!$D$2:$D459,FORM!$C$2:$C459,TODAY!$B$10,FORM!$B$2:$B459,H$2,FORM!$A$2:$A459,">"&$B44+0.5,FORM!$A$2:$A459,"<"&$B44+1.5)-sumifs(FORM!$D$2:$D459,FORM!$C$2:$C459,TODAY!$B$9,FORM!$B$2:$B459,H$2,FORM!$A$2:$A459,">"&$B44+0.5,FORM!$A$2:$A459,"<"&$B44+1.5) -> -284 | I44: =sumifs(FORM!$D$2:$D459,FORM!$C$2:$C459,TODAY!$B$10,FORM!$B$2:$B459,I$2,FORM!$A$2:$A459,">"&$B44+0.5,FORM!$A$2:$A459,"<"&$B44+1.5)-sumifs(FORM!$D$2:$D459,FORM!$C$2:$C459,TODAY!$B$9,FORM!$B$2:$B459,I$2,FORM!$A$2:$A459,">"&$B44+0.5,FORM!$A$2:$A459,"<"&$B44+1.5) -> 0 | J44: =sumifs(FORM!$D$2:$D459,FORM!$C$2:$C459,TODAY!$B$10,FORM!$B$2:$B459,J$2,FORM!$A$2:$A459,">"&$B44+0.5,FORM!$A$2:$A459,"<"&$B44+1.5)-sumifs(FORM!$D$2:$D459,FORM!$C$2:$C459,TODAY!$B$9,FORM!$B$2:$B459,J$2,FORM!$A$2:$A459,">"&$B44+0.5,FORM!$A$2:$A459,"<"&$B44+1.5) -> -179 | K44: =sumifs(FORM!$D$2:$D459,FORM!$C$2:$C459,TODAY!$B$10,FORM!$B$2:$B459,K$2,FORM!$A$2:$A459,">"&$B44+0.5,FORM!$A$2:$A459,"<"&$B44+1.5)-sumifs(FORM!$D$2:$D459,FORM!$C$2:$C459,TODAY!$B$9,FORM!$B$2:$B459,K$2,FORM!$A$2:$A459,">"&$B44+0.5,FORM!$A$2:$A459,"<"&$B44+1.5) -> 0 | ... P44: =sumifs(FORM!$D$2:$D459,FORM!$C$2:$C459,TODAY!$B$10,FORM!$B$2:$B459,P$2,FORM!$A$2:$A459,">"&$B44+0.5,FORM!$A$2:$A459,"<"&$B44+1.5)-sumifs(FORM!$D$2:$D459,FORM!$C$2:$C459,TODAY!$B$9,FORM!$B$2:$B459,P$2,FORM!$A$2:$A459,">"&$B44+0.5,FORM!$A$2:$A459,"<"&$B44+1.5) -> 0 | Q44: 0 | R44: 0 | S44: 0 | T44: 0 | U44: =if(or($C44="",U$2=""),"",(sumifs(FORM!$D$2:$D459,FORM!$C$2:$C459,TODAY!$B$10,FORM!$B$2:$B459,U$2,FORM!$A$2:$A459,">"&$B44+0.5,FORM!$A$2:$A459,"<"&$B44+1.5)-sumifs(FORM!$D$2:$D459,FORM!$C$2:$C459,TODAY!$B$9,FORM!$B$2:$B459,U$2,FORM!$A$2:$A459,">"&$B44+0.5,FORM!$A$2:$A459,"<"&$B44+1.5))/$C44) -> 0
B45: 45017 | C45: 10 | D45: =sumifs(FORM!$D$2:$D459,FORM!$C$2:$C459,TODAY!$B$10,FORM!$B$2:$B459,D$2,FORM!$A$2:$A459,">"&$B45+0.5,FORM!$A$2:$A459,"<"&$B45+1.5)-sumifs(FORM!$D$2:$D459,FORM!$C$2:$C459,TODAY!$B$9,FORM!$B$2:$B459,D$2,FORM!$A$2:$A459,">"&$B45+0.5,FORM!$A$2:$A459,"<"&$B45+1.5) -> -207 | E45: =sumifs(FORM!$D$2:$D459,FORM!$C$2:$C459,TODAY!$B$10,FORM!$B$2:$B459,E$2,FORM!$A$2:$A459,">"&$B45+0.5,FORM!$A$2:$A459,"<"&$B45+1.5)-sumifs(FORM!$D$2:$D459,FORM!$C$2:$C459,TODAY!$B$9,FORM!$B$2:$B459,E$2,FORM!$A$2:$A459,">"&$B45+0.5,FORM!$A$2:$A459,"<"&$B45+1.5) -> 67 | F45: =sumifs(FORM!$D$2:$D459,FORM!$C$2:$C459,TODAY!$B$10,FORM!$B$2:$B459,F$2,FORM!$A$2:$A459,">"&$B45+0.5,FORM!$A$2:$A459,"<"&$B45+1.5)-sumifs(FORM!$D$2:$D459,FORM!$C$2:$C459,TODAY!$B$9,FORM!$B$2:$B459,F$2,FORM!$A$2:$A459,">"&$B45+0.5,FORM!$A$2:$A459,"<"&$B45+1.5) -> -332 | G45: =sumifs(FORM!$D$2:$D459,FORM!$C$2:$C459,TODAY!$B$10,FORM!$B$2:$B459,G$2,FORM!$A$2:$A459,">"&$B45+0.5,FORM!$A$2:$A459,"<"&$B45+1.5)-sumifs(FORM!$D$2:$D459,FORM!$C$2:$C459,TODAY!$B$9,FORM!$B$2:$B459,G$2,FORM!$A$2:$A459,">"&$B45+0.5,FORM!$A$2:$A459,"<"&$B45+1.5) -> 0 | H45: =sumifs(FORM!$D$2:$D459,FORM!$C$2:$C459,TODAY!$B$10,FORM!$B$2:$B459,H$2,FORM!$A$2:$A459,">"&$B45+0.5,FORM!$A$2:$A459,"<"&$B45+1.5)-sumifs(FORM!$D$2:$D459,FORM!$C$2:$C459,TODAY!$B$9,FORM!$B$2:$B459,H$2,FORM!$A$2:$A459,">"&$B45+0.5,FORM!$A$2:$A459,"<"&$B45+1.5) -> 601 | I45: =sumifs(FORM!$D$2:$D459,FORM!$C$2:$C459,TODAY!$B$10,FORM!$B$2:$B459,I$2,FORM!$A$2:$A459,">"&$B45+0.5,FORM!$A$2:$A459,"<"&$B45+1.5)-sumifs(FORM!$D$2:$D459,FORM!$C$2:$C459,TODAY!$B$9,FORM!$B$2:$B459,I$2,FORM!$A$2:$A459,">"&$B45+0.5,FORM!$A$2:$A459,"<"&$B45+1.5) -> 0 | J45: =sumifs(FORM!$D$2:$D459,FORM!$C$2:$C459,TODAY!$B$10,FORM!$B$2:$B459,J$2,FORM!$A$2:$A459,">"&$B45+0.5,FORM!$A$2:$A459,"<"&$B45+1.5)-sumifs(FORM!$D$2:$D459,FORM!$C$2:$C459,TODAY!$B$9,FORM!$B$2:$B459,J$2,FORM!$A$2:$A459,">"&$B45+0.5,FORM!$A$2:$A459,"<"&$B45+1.5) -> 0 | K45: =sumifs(FORM!$D$2:$D459,FORM!$C$2:$C459,TODAY!$B$10,FORM!$B$2:$B459,K$2,FORM!$A$2:$A459,">"&$B45+0.5,FORM!$A$2:$A459,"<"&$B45+1.5)-sumifs(FORM!$D$2:$D459,FORM!$C$2:$C459,TODAY!$B$9,FORM!$B$2:$B459,K$2,FORM!$A$2:$A459,">"&$B45+0.5,FORM!$A$2:$A459,"<"&$B45+1.5) -> 0 | ... P45: =sumifs(FORM!$D$2:$D459,FORM!$C$2:$C459,TODAY!$B$10,FORM!$B$2:$B459,P$2,FORM!$A$2:$A459,">"&$B45+0.5,FORM!$A$2:$A459,"<"&$B45+1.5)-sumifs(FORM!$D$2:$D459,FORM!$C$2:$C459,TODAY!$B$9,FORM!$B$2:$B459,P$2,FORM!$A$2:$A459,">"&$B45+0.5,FORM!$A$2:$A459,"<"&$B45+1.5) -> -129 | Q45: 0 | R45: 0 | S45: 0 | T45: 0 | U45: =if(or($C45="",U$2=""),"",(sumifs(FORM!$D$2:$D459,FORM!$C$2:$C459,TODAY!$B$10,FORM!$B$2:$B459,U$2,FORM!$A$2:$A459,">"&$B45+0.5,FORM!$A$2:$A459,"<"&$B45+1.5)-sumifs(FORM!$D$2:$D459,FORM!$C$2:$C459,TODAY!$B$9,FORM!$B$2:$B459,U$2,FORM!$A$2:$A459,">"&$B45+0.5,FORM!$A$2:$A459,"<"&$B45+1.5))/$C45) -> 0
B46: 45023 | C46: 10 | D46: =sumifs(FORM!$D$2:$D459,FORM!$C$2:$C459,TODAY!$B$10,FORM!$B$2:$B459,D$2,FORM!$A$2:$A459,">"&$B46+0.5,FORM!$A$2:$A459,"<"&$B46+1.5)-sumifs(FORM!$D$2:$D459,FORM!$C$2:$C459,TODAY!$B$9,FORM!$B$2:$B459,D$2,FORM!$A$2:$A459,">"&$B46+0.5,FORM!$A$2:$A459,"<"&$B46+1.5) -> 140 | E46: =sumifs(FORM!$D$2:$D459,FORM!$C$2:$C459,TODAY!$B$10,FORM!$B$2:$B459,E$2,FORM!$A$2:$A459,">"&$B46+0.5,FORM!$A$2:$A459,"<"&$B46+1.5)-sumifs(FORM!$D$2:$D459,FORM!$C$2:$C459,TODAY!$B$9,FORM!$B$2:$B459,E$2,FORM!$A$2:$A459,">"&$B46+0.5,FORM!$A$2:$A459,"<"&$B46+1.5) -> -177 | F46: =sumifs(FORM!$D$2:$D459,FORM!$C$2:$C459,TODAY!$B$10,FORM!$B$2:$B459,F$2,FORM!$A$2:$A459,">"&$B46+0.5,FORM!$A$2:$A459,"<"&$B46+1.5)-sumifs(FORM!$D$2:$D459,FORM!$C$2:$C459,TODAY!$B$9,FORM!$B$2:$B459,F$2,FORM!$A$2:$A459,">"&$B46+0.5,FORM!$A$2:$A459,"<"&$B46+1.5) -> -200 | G46: =sumifs(FORM!$D$2:$D459,FORM!$C$2:$C459,TODAY!$B$10,FORM!$B$2:$B459,G$2,FORM!$A$2:$A459,">"&$B46+0.5,FORM!$A$2:$A459,"<"&$B46+1.5)-sumifs(FORM!$D$2:$D459,FORM!$C$2:$C459,TODAY!$B$9,FORM!$B$2:$B459,G$2,FORM!$A$2:$A459,">"&$B46+0.5,FORM!$A$2:$A459,"<"&$B46+1.5) -> 0 | H46: =sumifs(FORM!$D$2:$D459,FORM!$C$2:$C459,TODAY!$B$10,FORM!$B$2:$B459,H$2,FORM!$A$2:$A459,">"&$B46+0.5,FORM!$A$2:$A459,"<"&$B46+1.5)-sumifs(FORM!$D$2:$D459,FORM!$C$2:$C459,TODAY!$B$9,FORM!$B$2:$B459,H$2,FORM!$A$2:$A459,">"&$B46+0.5,FORM!$A$2:$A459,"<"&$B46+1.5) -> -364 | I46: =sumifs(FORM!$D$2:$D459,FORM!$C$2:$C459,TODAY!$B$10,FORM!$B$2:$B459,I$2,FORM!$A$2:$A459,">"&$B46+0.5,FORM!$A$2:$A459,"<"&$B46+1.5)-sumifs(FORM!$D$2:$D459,FORM!$C$2:$C459,TODAY!$B$9,FORM!$B$2:$B459,I$2,FORM!$A$2:$A459,">"&$B46+0.5,FORM!$A$2:$A459,"<"&$B46+1.5) -> 0 | J46: =sumifs(FORM!$D$2:$D459,FORM!$C$2:$C459,TODAY!$B$10,FORM!$B$2:$B459,J$2,FORM!$A$2:$A459,">"&$B46+0.5,FORM!$A$2:$A459,"<"&$B46+1.5)-sumifs(FORM!$D$2:$D459,FORM!$C$2:$C459,TODAY!$B$9,FORM!$B$2:$B459,J$2,FORM!$A$2:$A459,">"&$B46+0.5,FORM!$A$2:$A459,"<"&$B46+1.5) -> 86 | K46: =sumifs(FORM!$D$2:$D459,FORM!$C$2:$C459,TODAY!$B$10,FORM!$B$2:$B459,K$2,FORM!$A$2:$A459,">"&$B46+0.5,FORM!$A$2:$A459,"<"&$B46+1.5)-sumifs(FORM!$D$2:$D459,FORM!$C$2:$C459,TODAY!$B$9,FORM!$B$2:$B459,K$2,FORM!$A$2:$A459,">"&$B46+0.5,FORM!$A$2:$A459,"<"&$B46+1.5) -> 0 | ... P46: =sumifs(FORM!$D$2:$D459,FORM!$C$2:$C459,TODAY!$B$10,FORM!$B$2:$B459,P$2,FORM!$A$2:$A459,">"&$B46+0.5,FORM!$A$2:$A459,"<"&$B46+1.5)-sumifs(FORM!$D$2:$D459,FORM!$C$2:$C459,TODAY!$B$9,FORM!$B$2:$B459,P$2,FORM!$A$2:$A459,">"&$B46+0.5,FORM!$A$2:$A459,"<"&$B46+1.5) -> 515 | Q46: 0 | R46: 0 | S46: 0 | T46: 0 | U46: =if(or($C46="",U$2=""),"",(sumifs(FORM!$D$2:$D459,FORM!$C$2:$C459,TODAY!$B$10,FORM!$B$2:$B459,U$2,FORM!$A$2:$A459,">"&$B46+0.5,FORM!$A$2:$A459,"<"&$B46+1.5)-sumifs(FORM!$D$2:$D459,FORM!$C$2:$C459,TODAY!$B$9,FORM!$B$2:$B459,U$2,FORM!$A$2:$A459,">"&$B46+0.5,FORM!$A$2:$A459,"<"&$B46+1.5))/$C46) -> 0
B47: 45025 | C47: 10 | D47: =sumifs(FORM!$D$2:$D459,FORM!$C$2:$C459,TODAY!$B$10,FORM!$B$2:$B459,D$2,FORM!$A$2:$A459,">"&$B47+0.5,FORM!$A$2:$A459,"<"&$B47+1.5)-sumifs(FORM!$D$2:$D459,FORM!$C$2:$C459,TODAY!$B$9,FORM!$B$2:$B459,D$2,FORM!$A$2:$A459,">"&$B47+0.5,FORM!$A$2:$A459,"<"&$B47+1.5) -> 228 | E47: =sumifs(FORM!$D$2:$D459,FORM!$C$2:$C459,TODAY!$B$10,FORM!$B$2:$B459,E$2,FORM!$A$2:$A459,">"&$B47+0.5,FORM!$A$2:$A459,"<"&$B47+1.5)-sumifs(FORM!$D$2:$D459,FORM!$C$2:$C459,TODAY!$B$9,FORM!$B$2:$B459,E$2,FORM!$A$2:$A459,">"&$B47+0.5,FORM!$A$2:$A459,"<"&$B47+1.5) -> 214 | F47: =sumifs(FORM!$D$2:$D459,FORM!$C$2:$C459,TODAY!$B$10,FORM!$B$2:$B459,F$2,FORM!$A$2:$A459,">"&$B47+0.5,FORM!$A$2:$A459,"<"&$B47+1.5)-sumifs(FORM!$D$2:$D459,FORM!$C$2:$C459,TODAY!$B$9,FORM!$B$2:$B459,F$2,FORM!$A$2:$A459,">"&$B47+0.5,FORM!$A$2:$A459,"<"&$B47+1.5) -> -258 | G47: =sumifs(FORM!$D$2:$D459,FORM!$C$2:$C459,TODAY!$B$10,FORM!$B$2:$B459,G$2,FORM!$A$2:$A459,">"&$B47+0.5,FORM!$A$2:$A459,"<"&$B47+1.5)-sumifs(FORM!$D$2:$D459,FORM!$C$2:$C459,TODAY!$B$9,FORM!$B$2:$B459,G$2,FORM!$A$2:$A459,">"&$B47+0.5,FORM!$A$2:$A459,"<"&$B47+1.5) -> 0 | H47: =sumifs(FORM!$D$2:$D459,FORM!$C$2:$C459,TODAY!$B$10,FORM!$B$2:$B459,H$2,FORM!$A$2:$A459,">"&$B47+0.5,FORM!$A$2:$A459,"<"&$B47+1.5)-sumifs(FORM!$D$2:$D459,FORM!$C$2:$C459,TODAY!$B$9,FORM!$B$2:$B459,H$2,FORM!$A$2:$A459,">"&$B47+0.5,FORM!$A$2:$A459,"<"&$B47+1.5) -> -215 | I47: =sumifs(FORM!$D$2:$D459,FORM!$C$2:$C459,TODAY!$B$10,FORM!$B$2:$B459,I$2,FORM!$A$2:$A459,">"&$B47+0.5,FORM!$A$2:$A459,"<"&$B47+1.5)-sumifs(FORM!$D$2:$D459,FORM!$C$2:$C459,TODAY!$B$9,FORM!$B$2:$B459,I$2,FORM!$A$2:$A459,">"&$B47+0.5,FORM!$A$2:$A459,"<"&$B47+1.5) -> 172 | J47: =sumifs(FORM!$D$2:$D459,FORM!$C$2:$C459,TODAY!$B$10,FORM!$B$2:$B459,J$2,FORM!$A$2:$A459,">"&$B47+0.5,FORM!$A$2:$A459,"<"&$B47+1.5)-sumifs(FORM!$D$2:$D459,FORM!$C$2:$C459,TODAY!$B$9,FORM!$B$2:$B459,J$2,FORM!$A$2:$A459,">"&$B47+0.5,FORM!$A$2:$A459,"<"&$B47+1.5) -> 120 | K47: =sumifs(FORM!$D$2:$D459,FORM!$C$2:$C459,TODAY!$B$10,FORM!$B$2:$B459,K$2,FORM!$A$2:$A459,">"&$B47+0.5,FORM!$A$2:$A459,"<"&$B47+1.5)-sumifs(FORM!$D$2:$D459,FORM!$C$2:$C459,TODAY!$B$9,FORM!$B$2:$B459,K$2,FORM!$A$2:$A459,">"&$B47+0.5,FORM!$A$2:$A459,"<"&$B47+1.5) -> 0 | ... P47: =sumifs(FORM!$D$2:$D459,FORM!$C$2:$C459,TODAY!$B$10,FORM!$B$2:$B459,P$2,FORM!$A$2:$A459,">"&$B47+0.5,FORM!$A$2:$A459,"<"&$B47+1.5)-sumifs(FORM!$D$2:$D459,FORM!$C$2:$C459,TODAY!$B$9,FORM!$B$2:$B459,P$2,FORM!$A$2:$A459,">"&$B47+0.5,FORM!$A$2:$A459,"<"&$B47+1.5) -> -261 | Q47: 0 | R47: 0 | S47: 0 | T47: 0 | U47: =if(or($C47="",U$2=""),"",(sumifs(FORM!$D$2:$D459,FORM!$C$2:$C459,TODAY!$B$10,FORM!$B$2:$B459,U$2,FORM!$A$2:$A459,">"&$B47+0.5,FORM!$A$2:$A459,"<"&$B47+1.5)-sumifs(FORM!$D$2:$D459,FORM!$C$2:$C459,TODAY!$B$9,FORM!$B$2:$B459,U$2,FORM!$A$2:$A459,">"&$B47+0.5,FORM!$A$2:$A459,"<"&$B47+1.5))/$C47) -> 0
B48: 45028 | C48: 10 | D48: =sumifs(FORM!$D$2:$D459,FORM!$C$2:$C459,TODAY!$B$10,FORM!$B$2:$B459,D$2,FORM!$A$2:$A459,">"&$B48+0.5,FORM!$A$2:$A459,"<"&$B48+1.5)-sumifs(FORM!$D$2:$D459,FORM!$C$2:$C459,TODAY!$B$9,FORM!$B$2:$B459,D$2,FORM!$A$2:$A459,">"&$B48+0.5,FORM!$A$2:$A459,"<"&$B48+1.5) -> -5 | E48: =sumifs(FORM!$D$2:$D459,FORM!$C$2:$C459,TODAY!$B$10,FORM!$B$2:$B459,E$2,FORM!$A$2:$A459,">"&$B48+0.5,FORM!$A$2:$A459,"<"&$B48+1.5)-sumifs(FORM!$D$2:$D459,FORM!$C$2:$C459,TODAY!$B$9,FORM!$B$2:$B459,E$2,FORM!$A$2:$A459,">"&$B48+0.5,FORM!$A$2:$A459,"<"&$B48+1.5) -> 341 | F48: =sumifs(FORM!$D$2:$D459,FORM!$C$2:$C459,TODAY!$B$10,FORM!$B$2:$B459,F$2,FORM!$A$2:$A459,">"&$B48+0.5,FORM!$A$2:$A459,"<"&$B48+1.5)-sumifs(FORM!$D$2:$D459,FORM!$C$2:$C459,TODAY!$B$9,FORM!$B$2:$B459,F$2,FORM!$A$2:$A459,">"&$B48+0.5,FORM!$A$2:$A459,"<"&$B48+1.5) -> -255 | G48: =sumifs(FORM!$D$2:$D459,FORM!$C$2:$C459,TODAY!$B$10,FORM!$B$2:$B459,G$2,FORM!$A$2:$A459,">"&$B48+0.5,FORM!$A$2:$A459,"<"&$B48+1.5)-sumifs(FORM!$D$2:$D459,FORM!$C$2:$C459,TODAY!$B$9,FORM!$B$2:$B459,G$2,FORM!$A$2:$A459,">"&$B48+0.5,FORM!$A$2:$A459,"<"&$B48+1.5) -> 0 | H48: =sumifs(FORM!$D$2:$D459,FORM!$C$2:$C459,TODAY!$B$10,FORM!$B$2:$B459,H$2,FORM!$A$2:$A459,">"&$B48+0.5,FORM!$A$2:$A459,"<"&$B48+1.5)-sumifs(FORM!$D$2:$D459,FORM!$C$2:$C459,TODAY!$B$9,FORM!$B$2:$B459,H$2,FORM!$A$2:$A459,">"&$B48+0.5,FORM!$A$2:$A459,"<"&$B48+1.5) -> -530 | I48: =sumifs(FORM!$D$2:$D459,FORM!$C$2:$C459,TODAY!$B$10,FORM!$B$2:$B459,I$2,FORM!$A$2:$A459,">"&$B48+0.5,FORM!$A$2:$A459,"<"&$B48+1.5)-sumifs(FORM!$D$2:$D459,FORM!$C$2:$C459,TODAY!$B$9,FORM!$B$2:$B459,I$2,FORM!$A$2:$A459,">"&$B48+0.5,FORM!$A$2:$A459,"<"&$B48+1.5) -> 140 | J48: =sumifs(FORM!$D$2:$D459,FORM!$C$2:$C459,TODAY!$B$10,FORM!$B$2:$B459,J$2,FORM!$A$2:$A459,">"&$B48+0.5,FORM!$A$2:$A459,"<"&$B48+1.5)-sumifs(FORM!$D$2:$D459,FORM!$C$2:$C459,TODAY!$B$9,FORM!$B$2:$B459,J$2,FORM!$A$2:$A459,">"&$B48+0.5,FORM!$A$2:$A459,"<"&$B48+1.5) -> 0 | K48: =sumifs(FORM!$D$2:$D459,FORM!$C$2:$C459,TODAY!$B$10,FORM!$B$2:$B459,K$2,FORM!$A$2:$A459,">"&$B48+0.5,FORM!$A$2:$A459,"<"&$B48+1.5)-sumifs(FORM!$D$2:$D459,FORM!$C$2:$C459,TODAY!$B$9,FORM!$B$2:$B459,K$2,FORM!$A$2:$A459,">"&$B48+0.5,FORM!$A$2:$A459,"<"&$B48+1.5) -> 0 | ... P48: =sumifs(FORM!$D$2:$D459,FORM!$C$2:$C459,TODAY!$B$10,FORM!$B$2:$B459,P$2,FORM!$A$2:$A459,">"&$B48+0.5,FORM!$A$2:$A459,"<"&$B48+1.5)-sumifs(FORM!$D$2:$D459,FORM!$C$2:$C459,TODAY!$B$9,FORM!$B$2:$B459,P$2,FORM!$A$2:$A459,">"&$B48+0.5,FORM!$A$2:$A459,"<"&$B48+1.5) -> 309 | Q48: 0 | R48: 0 | S48: 0 | T48: 0 | U48: =if(or($C48="",U$2=""),"",(sumifs(FORM!$D$2:$D459,FORM!$C$2:$C459,TODAY!$B$10,FORM!$B$2:$B459,U$2,FORM!$A$2:$A459,">"&$B48+0.5,FORM!$A$2:$A459,"<"&$B48+1.5)-sumifs(FORM!$D$2:$D459,FORM!$C$2:$C459,TODAY!$B$9,FORM!$B$2:$B459,U$2,FORM!$A$2:$A459,">"&$B48+0.5,FORM!$A$2:$A459,"<"&$B48+1.5))/$C48) -> 0
B49: 45030 | C49: 1 | D49: =sumifs(FORM!$D$2:$D459,FORM!$C$2:$C459,TODAY!$B$10,FORM!$B$2:$B459,D$2,FORM!$A$2:$A459,">"&$B49+0.5,FORM!$A$2:$A459,"<"&$B49+1.5)-sumifs(FORM!$D$2:$D459,FORM!$C$2:$C459,TODAY!$B$9,FORM!$B$2:$B459,D$2,FORM!$A$2:$A459,">"&$B49+0.5,FORM!$A$2:$A459,"<"&$B49+1.5) -> -1450 | E49: =sumifs(FORM!$D$2:$D459,FORM!$C$2:$C459,TODAY!$B$10,FORM!$B$2:$B459,E$2,FORM!$A$2:$A459,">"&$B49+0.5,FORM!$A$2:$A459,"<"&$B49+1.5)-sumifs(FORM!$D$2:$D459,FORM!$C$2:$C459,TODAY!$B$9,FORM!$B$2:$B459,E$2,FORM!$A$2:$A459,">"&$B49+0.5,FORM!$A$2:$A459,"<"&$B49+1.5) -> 0 | F49: =sumifs(FORM!$D$2:$D459,FORM!$C$2:$C459,TODAY!$B$10,FORM!$B$2:$B459,F$2,FORM!$A$2:$A459,">"&$B49+0.5,FORM!$A$2:$A459,"<"&$B49+1.5)-sumifs(FORM!$D$2:$D459,FORM!$C$2:$C459,TODAY!$B$9,FORM!$B$2:$B459,F$2,FORM!$A$2:$A459,">"&$B49+0.5,FORM!$A$2:$A459,"<"&$B49+1.5) -> 0 | G49: =sumifs(FORM!$D$2:$D459,FORM!$C$2:$C459,TODAY!$B$10,FORM!$B$2:$B459,G$2,FORM!$A$2:$A459,">"&$B49+0.5,FORM!$A$2:$A459,"<"&$B49+1.5)-sumifs(FORM!$D$2:$D459,FORM!$C$2:$C459,TODAY!$B$9,FORM!$B$2:$B459,G$2,FORM!$A$2:$A459,">"&$B49+0.5,FORM!$A$2:$A459,"<"&$B49+1.5) -> 0 | H49: =sumifs(FORM!$D$2:$D459,FORM!$C$2:$C459,TODAY!$B$10,FORM!$B$2:$B459,H$2,FORM!$A$2:$A459,">"&$B49+0.5,FORM!$A$2:$A459,"<"&$B49+1.5)-sumifs(FORM!$D$2:$D459,FORM!$C$2:$C459,TODAY!$B$9,FORM!$B$2:$B459,H$2,FORM!$A$2:$A459,">"&$B49+0.5,FORM!$A$2:$A459,"<"&$B49+1.5) -> -10550 | I49: =sumifs(FORM!$D$2:$D459,FORM!$C$2:$C459,TODAY!$B$10,FORM!$B$2:$B459,I$2,FORM!$A$2:$A459,">"&$B49+0.5,FORM!$A$2:$A459,"<"&$B49+1.5)-sumifs(FORM!$D$2:$D459,FORM!$C$2:$C459,TODAY!$B$9,FORM!$B$2:$B459,I$2,FORM!$A$2:$A459,">"&$B49+0.5,FORM!$A$2:$A459,"<"&$B49+1.5) -> -4000 | J49: =sumifs(FORM!$D$2:$D459,FORM!$C$2:$C459,TODAY!$B$10,FORM!$B$2:$B459,J$2,FORM!$A$2:$A459,">"&$B49+0.5,FORM!$A$2:$A459,"<"&$B49+1.5)-sumifs(FORM!$D$2:$D459,FORM!$C$2:$C459,TODAY!$B$9,FORM!$B$2:$B459,J$2,FORM!$A$2:$A459,">"&$B49+0.5,FORM!$A$2:$A459,"<"&$B49+1.5) -> -2200 | K49: =sumifs(FORM!$D$2:$D459,FORM!$C$2:$C459,TODAY!$B$10,FORM!$B$2:$B459,K$2,FORM!$A$2:$A459,">"&$B49+0.5,FORM!$A$2:$A459,"<"&$B49+1.5)-sumifs(FORM!$D$2:$D459,FORM!$C$2:$C459,TODAY!$B$9,FORM!$B$2:$B459,K$2,FORM!$A$2:$A459,">"&$B49+0.5,FORM!$A$2:$A459,"<"&$B49+1.5) -> 0 | ... P49: =sumifs(FORM!$D$2:$D459,FORM!$C$2:$C459,TODAY!$B$10,FORM!$B$2:$B459,P$2,FORM!$A$2:$A459,">"&$B49+0.5,FORM!$A$2:$A459,"<"&$B49+1.5)-sumifs(FORM!$D$2:$D459,FORM!$C$2:$C459,TODAY!$B$9,FORM!$B$2:$B459,P$2,FORM!$A$2:$A459,">"&$B49+0.5,FORM!$A$2:$A459,"<"&$B49+1.5) -> 80 | Q49: 0 | R49: 0 | S49: 0 | T49: 0 | U49: =if(or($C49="",U$2=""),"",(sumifs(FORM!$D$2:$D459,FORM!$C$2:$C459,TODAY!$B$10,FORM!$B$2:$B459,U$2,FORM!$A$2:$A459,">"&$B49+0.5,FORM!$A$2:$A459,"<"&$B49+1.5)-sumifs(FORM!$D$2:$D459,FORM!$C$2:$C459,TODAY!$B$9,FORM!$B$2:$B459,U$2,FORM!$A$2:$A459,">"&$B49+0.5,FORM!$A$2:$A459,"<"&$B49+1.5))/$C49) -> 0
B50: 45038 | C50: 10 | D50: =sumifs(FORM!$D$2:$D459,FORM!$C$2:$C459,TODAY!$B$10,FORM!$B$2:$B459,D$2,FORM!$A$2:$A459,">"&$B50+0.5,FORM!$A$2:$A459,"<"&$B50+1.5)-sumifs(FORM!$D$2:$D459,FORM!$C$2:$C459,TODAY!$B$9,FORM!$B$2:$B459,D$2,FORM!$A$2:$A459,">"&$B50+0.5,FORM!$A$2:$A459,"<"&$B50+1.5) -> -200 | E50: =sumifs(FORM!$D$2:$D459,FORM!$C$2:$C459,TODAY!$B$10,FORM!$B$2:$B459,E$2,FORM!$A$2:$A459,">"&$B50+0.5,FORM!$A$2:$A459,"<"&$B50+1.5)-sumifs(FORM!$D$2:$D459,FORM!$C$2:$C459,TODAY!$B$9,FORM!$B$2:$B459,E$2,FORM!$A$2:$A459,">"&$B50+0.5,FORM!$A$2:$A459,"<"&$B50+1.5) -> 616 | F50: =sumifs(FORM!$D$2:$D459,FORM!$C$2:$C459,TODAY!$B$10,FORM!$B$2:$B459,F$2,FORM!$A$2:$A459,">"&$B50+0.5,FORM!$A$2:$A459,"<"&$B50+1.5)-sumifs(FORM!$D$2:$D459,FORM!$C$2:$C459,TODAY!$B$9,FORM!$B$2:$B459,F$2,FORM!$A$2:$A459,">"&$B50+0.5,FORM!$A$2:$A459,"<"&$B50+1.5) -> 416 | G50: =sumifs(FORM!$D$2:$D459,FORM!$C$2:$C459,TODAY!$B$10,FORM!$B$2:$B459,G$2,FORM!$A$2:$A459,">"&$B50+0.5,FORM!$A$2:$A459,"<"&$B50+1.5)-sumifs(FORM!$D$2:$D459,FORM!$C$2:$C459,TODAY!$B$9,FORM!$B$2:$B459,G$2,FORM!$A$2:$A459,">"&$B50+0.5,FORM!$A$2:$A459,"<"&$B50+1.5) -> 0 | H50: =sumifs(FORM!$D$2:$D459,FORM!$C$2:$C459,TODAY!$B$10,FORM!$B$2:$B459,H$2,FORM!$A$2:$A459,">"&$B50+0.5,FORM!$A$2:$A459,"<"&$B50+1.5)-sumifs(FORM!$D$2:$D459,FORM!$C$2:$C459,TODAY!$B$9,FORM!$B$2:$B459,H$2,FORM!$A$2:$A459,">"&$B50+0.5,FORM!$A$2:$A459,"<"&$B50+1.5) -> 464 | I50: =sumifs(FORM!$D$2:$D459,FORM!$C$2:$C459,TODAY!$B$10,FORM!$B$2:$B459,I$2,FORM!$A$2:$A459,">"&$B50+0.5,FORM!$A$2:$A459,"<"&$B50+1.5)-sumifs(FORM!$D$2:$D459,FORM!$C$2:$C459,TODAY!$B$9,FORM!$B$2:$B459,I$2,FORM!$A$2:$A459,">"&$B50+0.5,FORM!$A$2:$A459,"<"&$B50+1.5) -> 0 | J50: =sumifs(FORM!$D$2:$D459,FORM!$C$2:$C459,TODAY!$B$10,FORM!$B$2:$B459,J$2,FORM!$A$2:$A459,">"&$B50+0.5,FORM!$A$2:$A459,"<"&$B50+1.5)-sumifs(FORM!$D$2:$D459,FORM!$C$2:$C459,TODAY!$B$9,FORM!$B$2:$B459,J$2,FORM!$A$2:$A459,">"&$B50+0.5,FORM!$A$2:$A459,"<"&$B50+1.5) -> -896 | K50: =sumifs(FORM!$D$2:$D459,FORM!$C$2:$C459,TODAY!$B$10,FORM!$B$2:$B459,K$2,FORM!$A$2:$A459,">"&$B50+0.5,FORM!$A$2:$A459,"<"&$B50+1.5)-sumifs(FORM!$D$2:$D459,FORM!$C$2:$C459,TODAY!$B$9,FORM!$B$2:$B459,K$2,FORM!$A$2:$A459,">"&$B50+0.5,FORM!$A$2:$A459,"<"&$B50+1.5) -> 0 | ... P50: =sumifs(FORM!$D$2:$D459,FORM!$C$2:$C459,TODAY!$B$10,FORM!$B$2:$B459,P$2,FORM!$A$2:$A459,">"&$B50+0.5,FORM!$A$2:$A459,"<"&$B50+1.5)-sumifs(FORM!$D$2:$D459,FORM!$C$2:$C459,TODAY!$B$9,FORM!$B$2:$B459,P$2,FORM!$A$2:$A459,">"&$B50+0.5,FORM!$A$2:$A459,"<"&$B50+1.5) -> -400 | Q50: 0 | R50: 0 | S50: 0 | T50: 0 | U50: =if(or($C50="",U$2=""),"",(sumifs(FORM!$D$2:$D459,FORM!$C$2:$C459,TODAY!$B$10,FORM!$B$2:$B459,U$2,FORM!$A$2:$A459,">"&$B50+0.5,FORM!$A$2:$A459,"<"&$B50+1.5)-sumifs(FORM!$D$2:$D459,FORM!$C$2:$C459,TODAY!$B$9,FORM!$B$2:$B459,U$2,FORM!$A$2:$A459,">"&$B50+0.5,FORM!$A$2:$A459,"<"&$B50+1.5))/$C50) -> 0
B51: 45043 | C51: 10 | D51: =sumifs(FORM!$D$2:$D459,FORM!$C$2:$C459,TODAY!$B$10,FORM!$B$2:$B459,D$2,FORM!$A$2:$A459,">"&$B51+0.5,FORM!$A$2:$A459,"<"&$B51+1.5)-sumifs(FORM!$D$2:$D459,FORM!$C$2:$C459,TODAY!$B$9,FORM!$B$2:$B459,D$2,FORM!$A$2:$A459,">"&$B51+0.5,FORM!$A$2:$A459,"<"&$B51+1.5) -> 273 | E51: =sumifs(FORM!$D$2:$D459,FORM!$C$2:$C459,TODAY!$B$10,FORM!$B$2:$B459,E$2,FORM!$A$2:$A459,">"&$B51+0.5,FORM!$A$2:$A459,"<"&$B51+1.5)-sumifs(FORM!$D$2:$D459,FORM!$C$2:$C459,TODAY!$B$9,FORM!$B$2:$B459,E$2,FORM!$A$2:$A459,">"&$B51+0.5,FORM!$A$2:$A459,"<"&$B51+1.5) -> -270 | F51: =sumifs(FORM!$D$2:$D459,FORM!$C$2:$C459,TODAY!$B$10,FORM!$B$2:$B459,F$2,FORM!$A$2:$A459,">"&$B51+0.5,FORM!$A$2:$A459,"<"&$B51+1.5)-sumifs(FORM!$D$2:$D459,FORM!$C$2:$C459,TODAY!$B$9,FORM!$B$2:$B459,F$2,FORM!$A$2:$A459,">"&$B51+0.5,FORM!$A$2:$A459,"<"&$B51+1.5) -> -1 | G51: =sumifs(FORM!$D$2:$D459,FORM!$C$2:$C459,TODAY!$B$10,FORM!$B$2:$B459,G$2,FORM!$A$2:$A459,">"&$B51+0.5,FORM!$A$2:$A459,"<"&$B51+1.5)-sumifs(FORM!$D$2:$D459,FORM!$C$2:$C459,TODAY!$B$9,FORM!$B$2:$B459,G$2,FORM!$A$2:$A459,">"&$B51+0.5,FORM!$A$2:$A459,"<"&$B51+1.5) -> 0 | H51: =sumifs(FORM!$D$2:$D459,FORM!$C$2:$C459,TODAY!$B$10,FORM!$B$2:$B459,H$2,FORM!$A$2:$A459,">"&$B51+0.5,FORM!$A$2:$A459,"<"&$B51+1.5)-sumifs(FORM!$D$2:$D459,FORM!$C$2:$C459,TODAY!$B$9,FORM!$B$2:$B459,H$2,FORM!$A$2:$A459,">"&$B51+0.5,FORM!$A$2:$A459,"<"&$B51+1.5) -> -114 | I51: =sumifs(FORM!$D$2:$D459,FORM!$C$2:$C459,TODAY!$B$10,FORM!$B$2:$B459,I$2,FORM!$A$2:$A459,">"&$B51+0.5,FORM!$A$2:$A459,"<"&$B51+1.5)-sumifs(FORM!$D$2:$D459,FORM!$C$2:$C459,TODAY!$B$9,FORM!$B$2:$B459,I$2,FORM!$A$2:$A459,">"&$B51+0.5,FORM!$A$2:$A459,"<"&$B51+1.5) -> 0 | J51: =sumifs(FORM!$D$2:$D459,FORM!$C$2:$C459,TODAY!$B$10,FORM!$B$2:$B459,J$2,FORM!$A$2:$A459,">"&$B51+0.5,FORM!$A$2:$A459,"<"&$B51+1.5)-sumifs(FORM!$D$2:$D459,FORM!$C$2:$C459,TODAY!$B$9,FORM!$B$2:$B459,J$2,FORM!$A$2:$A459,">"&$B51+0.5,FORM!$A$2:$A459,"<"&$B51+1.5) -> 48 | K51: =sumifs(FORM!$D$2:$D459,FORM!$C$2:$C459,TODAY!$B$10,FORM!$B$2:$B459,K$2,FORM!$A$2:$A459,">"&$B51+0.5,FORM!$A$2:$A459,"<"&$B51+1.5)-sumifs(FORM!$D$2:$D459,FORM!$C$2:$C459,TODAY!$B$9,FORM!$B$2:$B459,K$2,FORM!$A$2:$A459,">"&$B51+0.5,FORM!$A$2:$A459,"<"&$B51+1.5) -> 0 | ... P51: =sumifs(FORM!$D$2:$D459,FORM!$C$2:$C459,TODAY!$B$10,FORM!$B$2:$B459,P$2,FORM!$A$2:$A459,">"&$B51+0.5,FORM!$A$2:$A459,"<"&$B51+1.5)-sumifs(FORM!$D$2:$D459,FORM!$C$2:$C459,TODAY!$B$9,FORM!$B$2:$B459,P$2,FORM!$A$2:$A459,">"&$B51+0.5,FORM!$A$2:$A459,"<"&$B51+1.5) -> 64 | Q51: 0 | R51: 0 | S51: 0 | T51: 0 | U51: =if(or($C51="",U$2=""),"",(sumifs(FORM!$D$2:$D459,FORM!$C$2:$C459,TODAY!$B$10,FORM!$B$2:$B459,U$2,FORM!$A$2:$A459,">"&$B51+0.5,FORM!$A$2:$A459,"<"&$B51+1.5)-sumifs(FORM!$D$2:$D459,FORM!$C$2:$C459,TODAY!$B$9,FORM!$B$2:$B459,U$2,FORM!$A$2:$A459,">"&$B51+0.5,FORM!$A$2:$A459,"<"&$B51+1.5))/$C51) -> 0
B52: 45044 | C52: 1 | D52: =sumifs(FORM!$D$2:$D459,FORM!$C$2:$C459,TODAY!$B$10,FORM!$B$2:$B459,D$2,FORM!$A$2:$A459,">"&$B52+0.5,FORM!$A$2:$A459,"<"&$B52+1.5)-sumifs(FORM!$D$2:$D459,FORM!$C$2:$C459,TODAY!$B$9,FORM!$B$2:$B459,D$2,FORM!$A$2:$A459,">"&$B52+0.5,FORM!$A$2:$A459,"<"&$B52+1.5) -> 0 | E52: =sumifs(FORM!$D$2:$D459,FORM!$C$2:$C459,TODAY!$B$10,FORM!$B$2:$B459,E$2,FORM!$A$2:$A459,">"&$B52+0.5,FORM!$A$2:$A459,"<"&$B52+1.5)-sumifs(FORM!$D$2:$D459,FORM!$C$2:$C459,TODAY!$B$9,FORM!$B$2:$B459,E$2,FORM!$A$2:$A459,">"&$B52+0.5,FORM!$A$2:$A459,"<"&$B52+1.5) -> 0 | F52: =sumifs(FORM!$D$2:$D459,FORM!$C$2:$C459,TODAY!$B$10,FORM!$B$2:$B459,F$2,FORM!$A$2:$A459,">"&$B52+0.5,FORM!$A$2:$A459,"<"&$B52+1.5)-sumifs(FORM!$D$2:$D459,FORM!$C$2:$C459,TODAY!$B$9,FORM!$B$2:$B459,F$2,FORM!$A$2:$A459,">"&$B52+0.5,FORM!$A$2:$A459,"<"&$B52+1.5) -> 45 | G52: =sumifs(FORM!$D$2:$D459,FORM!$C$2:$C459,TODAY!$B$10,FORM!$B$2:$B459,G$2,FORM!$A$2:$A459,">"&$B52+0.5,FORM!$A$2:$A459,"<"&$B52+1.5)-sumifs(FORM!$D$2:$D459,FORM!$C$2:$C459,TODAY!$B$9,FORM!$B$2:$B459,G$2,FORM!$A$2:$A459,">"&$B52+0.5,FORM!$A$2:$A459,"<"&$B52+1.5) -> 0 | H52: =sumifs(FORM!$D$2:$D459,FORM!$C$2:$C459,TODAY!$B$10,FORM!$B$2:$B459,H$2,FORM!$A$2:$A459,">"&$B52+0.5,FORM!$A$2:$A459,"<"&$B52+1.5)-sumifs(FORM!$D$2:$D459,FORM!$C$2:$C459,TODAY!$B$9,FORM!$B$2:$B459,H$2,FORM!$A$2:$A459,">"&$B52+0.5,FORM!$A$2:$A459,"<"&$B52+1.5) -> -5000 | I52: =sumifs(FORM!$D$2:$D459,FORM!$C$2:$C459,TODAY!$B$10,FORM!$B$2:$B459,I$2,FORM!$A$2:$A459,">"&$B52+0.5,FORM!$A$2:$A459,"<"&$B52+1.5)-sumifs(FORM!$D$2:$D459,FORM!$C$2:$C459,TODAY!$B$9,FORM!$B$2:$B459,I$2,FORM!$A$2:$A459,">"&$B52+0.5,FORM!$A$2:$A459,"<"&$B52+1.5) -> 0 | J52: =sumifs(FORM!$D$2:$D459,FORM!$C$2:$C459,TODAY!$B$10,FORM!$B$2:$B459,J$2,FORM!$A$2:$A459,">"&$B52+0.5,FORM!$A$2:$A459,"<"&$B52+1.5)-sumifs(FORM!$D$2:$D459,FORM!$C$2:$C459,TODAY!$B$9,FORM!$B$2:$B459,J$2,FORM!$A$2:$A459,">"&$B52+0.5,FORM!$A$2:$A459,"<"&$B52+1.5) -> 10905 | K52: =sumifs(FORM!$D$2:$D459,FORM!$C$2:$C459,TODAY!$B$10,FORM!$B$2:$B459,K$2,FORM!$A$2:$A459,">"&$B52+0.5,FORM!$A$2:$A459,"<"&$B52+1.5)-sumifs(FORM!$D$2:$D459,FORM!$C$2:$C459,TODAY!$B$9,FORM!$B$2:$B459,K$2,FORM!$A$2:$A459,">"&$B52+0.5,FORM!$A$2:$A459,"<"&$B52+1.5) -> 0 | ... P52: =sumifs(FORM!$D$2:$D459,FORM!$C$2:$C459,TODAY!$B$10,FORM!$B$2:$B459,P$2,FORM!$A$2:$A459,">"&$B52+0.5,FORM!$A$2:$A459,"<"&$B52+1.5)-sumifs(FORM!$D$2:$D459,FORM!$C$2:$C459,TODAY!$B$9,FORM!$B$2:$B459,P$2,FORM!$A$2:$A459,">"&$B52+0.5,FORM!$A$2:$A459,"<"&$B52+1.5) -> -950 | Q52: 0 | R52: 0 | S52: 0 | T52: 0 | U52: =if(or($C52="",U$2=""),"",(sumifs(FORM!$D$2:$D459,FORM!$C$2:$C459,TODAY!$B$10,FORM!$B$2:$B459,U$2,FORM!$A$2:$A459,">"&$B52+0.5,FORM!$A$2:$A459,"<"&$B52+1.5)-sumifs(FORM!$D$2:$D459,FORM!$C$2:$C459,TODAY!$B$9,FORM!$B$2:$B459,U$2,FORM!$A$2:$A459,">"&$B52+0.5,FORM!$A$2:$A459,"<"&$B52+1.5))/$C52) -> 0
B53: 45045 | C53: 10 | D53: =sumifs(FORM!$D$2:$D459,FORM!$C$2:$C459,TODAY!$B$10,FORM!$B$2:$B459,D$2,FORM!$A$2:$A459,">"&$B53+0.5,FORM!$A$2:$A459,"<"&$B53+1.5)-sumifs(FORM!$D$2:$D459,FORM!$C$2:$C459,TODAY!$B$9,FORM!$B$2:$B459,D$2,FORM!$A$2:$A459,">"&$B53+0.5,FORM!$A$2:$A459,"<"&$B53+1.5) -> -32 | E53: =sumifs(FORM!$D$2:$D459,FORM!$C$2:$C459,TODAY!$B$10,FORM!$B$2:$B459,E$2,FORM!$A$2:$A459,">"&$B53+0.5,FORM!$A$2:$A459,"<"&$B53+1.5)-sumifs(FORM!$D$2:$D459,FORM!$C$2:$C459,TODAY!$B$9,FORM!$B$2:$B459,E$2,FORM!$A$2:$A459,">"&$B53+0.5,FORM!$A$2:$A459,"<"&$B53+1.5) -> -272 | F53: =sumifs(FORM!$D$2:$D459,FORM!$C$2:$C459,TODAY!$B$10,FORM!$B$2:$B459,F$2,FORM!$A$2:$A459,">"&$B53+0.5,FORM!$A$2:$A459,"<"&$B53+1.5)-sumifs(FORM!$D$2:$D459,FORM!$C$2:$C459,TODAY!$B$9,FORM!$B$2:$B459,F$2,FORM!$A$2:$A459,">"&$B53+0.5,FORM!$A$2:$A459,"<"&$B53+1.5) -> 0 | G53: =sumifs(FORM!$D$2:$D459,FORM!$C$2:$C459,TODAY!$B$10,FORM!$B$2:$B459,G$2,FORM!$A$2:$A459,">"&$B53+0.5,FORM!$A$2:$A459,"<"&$B53+1.5)-sumifs(FORM!$D$2:$D459,FORM!$C$2:$C459,TODAY!$B$9,FORM!$B$2:$B459,G$2,FORM!$A$2:$A459,">"&$B53+0.5,FORM!$A$2:$A459,"<"&$B53+1.5) -> 0 | H53: =sumifs(FORM!$D$2:$D459,FORM!$C$2:$C459,TODAY!$B$10,FORM!$B$2:$B459,H$2,FORM!$A$2:$A459,">"&$B53+0.5,FORM!$A$2:$A459,"<"&$B53+1.5)-sumifs(FORM!$D$2:$D459,FORM!$C$2:$C459,TODAY!$B$9,FORM!$B$2:$B459,H$2,FORM!$A$2:$A459,">"&$B53+0.5,FORM!$A$2:$A459,"<"&$B53+1.5) -> 0 | I53: =sumifs(FORM!$D$2:$D459,FORM!$C$2:$C459,TODAY!$B$10,FORM!$B$2:$B459,I$2,FORM!$A$2:$A459,">"&$B53+0.5,FORM!$A$2:$A459,"<"&$B53+1.5)-sumifs(FORM!$D$2:$D459,FORM!$C$2:$C459,TODAY!$B$9,FORM!$B$2:$B459,I$2,FORM!$A$2:$A459,">"&$B53+0.5,FORM!$A$2:$A459,"<"&$B53+1.5) -> 0 | J53: =sumifs(FORM!$D$2:$D459,FORM!$C$2:$C459,TODAY!$B$10,FORM!$B$2:$B459,J$2,FORM!$A$2:$A459,">"&$B53+0.5,FORM!$A$2:$A459,"<"&$B53+1.5)-sumifs(FORM!$D$2:$D459,FORM!$C$2:$C459,TODAY!$B$9,FORM!$B$2:$B459,J$2,FORM!$A$2:$A459,">"&$B53+0.5,FORM!$A$2:$A459,"<"&$B53+1.5) -> 432 | K53: =sumifs(FORM!$D$2:$D459,FORM!$C$2:$C459,TODAY!$B$10,FORM!$B$2:$B459,K$2,FORM!$A$2:$A459,">"&$B53+0.5,FORM!$A$2:$A459,"<"&$B53+1.5)-sumifs(FORM!$D$2:$D459,FORM!$C$2:$C459,TODAY!$B$9,FORM!$B$2:$B459,K$2,FORM!$A$2:$A459,">"&$B53+0.5,FORM!$A$2:$A459,"<"&$B53+1.5) -> 0 | ... P53: =sumifs(FORM!$D$2:$D459,FORM!$C$2:$C459,TODAY!$B$10,FORM!$B$2:$B459,P$2,FORM!$A$2:$A459,">"&$B53+0.5,FORM!$A$2:$A459,"<"&$B53+1.5)-sumifs(FORM!$D$2:$D459,FORM!$C$2:$C459,TODAY!$B$9,FORM!$B$2:$B459,P$2,FORM!$A$2:$A459,">"&$B53+0.5,FORM!$A$2:$A459,"<"&$B53+1.5) -> -128 | Q53: 0 | R53: 0 | S53: 0 | T53: 0 | U53: =if(or($C53="",U$2=""),"",(sumifs(FORM!$D$2:$D459,FORM!$C$2:$C459,TODAY!$B$10,FORM!$B$2:$B459,U$2,FORM!$A$2:$A459,">"&$B53+0.5,FORM!$A$2:$A459,"<"&$B53+1.5)-sumifs(FORM!$D$2:$D459,FORM!$C$2:$C459,TODAY!$B$9,FORM!$B$2:$B459,U$2,FORM!$A$2:$A459,">"&$B53+0.5,FORM!$A$2:$A459,"<"&$B53+1.5))/$C53) -> 0
B54: 45049 | C54: 10 | D54: =sumifs(FORM!$D$2:$D459,FORM!$C$2:$C459,TODAY!$B$10,FORM!$B$2:$B459,D$2,FORM!$A$2:$A459,">"&$B54+0.5,FORM!$A$2:$A459,"<"&$B54+1.5)-sumifs(FORM!$D$2:$D459,FORM!$C$2:$C459,TODAY!$B$9,FORM!$B$2:$B459,D$2,FORM!$A$2:$A459,">"&$B54+0.5,FORM!$A$2:$A459,"<"&$B54+1.5) -> -176 | E54: =sumifs(FORM!$D$2:$D459,FORM!$C$2:$C459,TODAY!$B$10,FORM!$B$2:$B459,E$2,FORM!$A$2:$A459,">"&$B54+0.5,FORM!$A$2:$A459,"<"&$B54+1.5)-sumifs(FORM!$D$2:$D459,FORM!$C$2:$C459,TODAY!$B$9,FORM!$B$2:$B459,E$2,FORM!$A$2:$A459,">"&$B54+0.5,FORM!$A$2:$A459,"<"&$B54+1.5) -> 183 | F54: =sumifs(FORM!$D$2:$D459,FORM!$C$2:$C459,TODAY!$B$10,FORM!$B$2:$B459,F$2,FORM!$A$2:$A459,">"&$B54+0.5,FORM!$A$2:$A459,"<"&$B54+1.5)-sumifs(FORM!$D$2:$D459,FORM!$C$2:$C459,TODAY!$B$9,FORM!$B$2:$B459,F$2,FORM!$A$2:$A459,">"&$B54+0.5,FORM!$A$2:$A459,"<"&$B54+1.5) -> 0 | G54: =sumifs(FORM!$D$2:$D459,FORM!$C$2:$C459,TODAY!$B$10,FORM!$B$2:$B459,G$2,FORM!$A$2:$A459,">"&$B54+0.5,FORM!$A$2:$A459,"<"&$B54+1.5)-sumifs(FORM!$D$2:$D459,FORM!$C$2:$C459,TODAY!$B$9,FORM!$B$2:$B459,G$2,FORM!$A$2:$A459,">"&$B54+0.5,FORM!$A$2:$A459,"<"&$B54+1.5) -> -242 | H54: =sumifs(FORM!$D$2:$D459,FORM!$C$2:$C459,TODAY!$B$10,FORM!$B$2:$B459,H$2,FORM!$A$2:$A459,">"&$B54+0.5,FORM!$A$2:$A459,"<"&$B54+1.5)-sumifs(FORM!$D$2:$D459,FORM!$C$2:$C459,TODAY!$B$9,FORM!$B$2:$B459,H$2,FORM!$A$2:$A459,">"&$B54+0.5,FORM!$A$2:$A459,"<"&$B54+1.5) -> 482 | I54: =sumifs(FORM!$D$2:$D459,FORM!$C$2:$C459,TODAY!$B$10,FORM!$B$2:$B459,I$2,FORM!$A$2:$A459,">"&$B54+0.5,FORM!$A$2:$A459,"<"&$B54+1.5)-sumifs(FORM!$D$2:$D459,FORM!$C$2:$C459,TODAY!$B$9,FORM!$B$2:$B459,I$2,FORM!$A$2:$A459,">"&$B54+0.5,FORM!$A$2:$A459,"<"&$B54+1.5) -> 0 | J54: =sumifs(FORM!$D$2:$D459,FORM!$C$2:$C459,TODAY!$B$10,FORM!$B$2:$B459,J$2,FORM!$A$2:$A459,">"&$B54+0.5,FORM!$A$2:$A459,"<"&$B54+1.5)-sumifs(FORM!$D$2:$D459,FORM!$C$2:$C459,TODAY!$B$9,FORM!$B$2:$B459,J$2,FORM!$A$2:$A459,">"&$B54+0.5,FORM!$A$2:$A459,"<"&$B54+1.5) -> -400 | K54: =sumifs(FORM!$D$2:$D459,FORM!$C$2:$C459,TODAY!$B$10,FORM!$B$2:$B459,K$2,FORM!$A$2:$A459,">"&$B54+0.5,FORM!$A$2:$A459,"<"&$B54+1.5)-sumifs(FORM!$D$2:$D459,FORM!$C$2:$C459,TODAY!$B$9,FORM!$B$2:$B459,K$2,FORM!$A$2:$A459,">"&$B54+0.5,FORM!$A$2:$A459,"<"&$B54+1.5) -> 0 | ... P54: =sumifs(FORM!$D$2:$D459,FORM!$C$2:$C459,TODAY!$B$10,FORM!$B$2:$B459,P$2,FORM!$A$2:$A459,">"&$B54+0.5,FORM!$A$2:$A459,"<"&$B54+1.5)-sumifs(FORM!$D$2:$D459,FORM!$C$2:$C459,TODAY!$B$9,FORM!$B$2:$B459,P$2,FORM!$A$2:$A459,">"&$B54+0.5,FORM!$A$2:$A459,"<"&$B54+1.5) -> 153 | Q54: 0 | R54: 0 | S54: 0 | T54: 0 | U54: =if(or($C54="",U$2=""),"",(sumifs(FORM!$D$2:$D459,FORM!$C$2:$C459,TODAY!$B$10,FORM!$B$2:$B459,U$2,FORM!$A$2:$A459,">"&$B54+0.5,FORM!$A$2:$A459,"<"&$B54+1.5)-sumifs(FORM!$D$2:$D459,FORM!$C$2:$C459,TODAY!$B$9,FORM!$B$2:$B459,U$2,FORM!$A$2:$A459,">"&$B54+0.5,FORM!$A$2:$A459,"<"&$B54+1.5))/$C54) -> 0
B55: 45050 | C55: 1 | D55: =sumifs(FORM!$D$2:$D459,FORM!$C$2:$C459,TODAY!$B$10,FORM!$B$2:$B459,D$2,FORM!$A$2:$A459,">"&$B55+0.5,FORM!$A$2:$A459,"<"&$B55+1.5)-sumifs(FORM!$D$2:$D459,FORM!$C$2:$C459,TODAY!$B$9,FORM!$B$2:$B459,D$2,FORM!$A$2:$A459,">"&$B55+0.5,FORM!$A$2:$A459,"<"&$B55+1.5) -> 375 | E55: =sumifs(FORM!$D$2:$D459,FORM!$C$2:$C459,TODAY!$B$10,FORM!$B$2:$B459,E$2,FORM!$A$2:$A459,">"&$B55+0.5,FORM!$A$2:$A459,"<"&$B55+1.5)-sumifs(FORM!$D$2:$D459,FORM!$C$2:$C459,TODAY!$B$9,FORM!$B$2:$B459,E$2,FORM!$A$2:$A459,">"&$B55+0.5,FORM!$A$2:$A459,"<"&$B55+1.5) -> 150 | F55: =sumifs(FORM!$D$2:$D459,FORM!$C$2:$C459,TODAY!$B$10,FORM!$B$2:$B459,F$2,FORM!$A$2:$A459,">"&$B55+0.5,FORM!$A$2:$A459,"<"&$B55+1.5)-sumifs(FORM!$D$2:$D459,FORM!$C$2:$C459,TODAY!$B$9,FORM!$B$2:$B459,F$2,FORM!$A$2:$A459,">"&$B55+0.5,FORM!$A$2:$A459,"<"&$B55+1.5) -> 0 | G55: =sumifs(FORM!$D$2:$D459,FORM!$C$2:$C459,TODAY!$B$10,FORM!$B$2:$B459,G$2,FORM!$A$2:$A459,">"&$B55+0.5,FORM!$A$2:$A459,"<"&$B55+1.5)-sumifs(FORM!$D$2:$D459,FORM!$C$2:$C459,TODAY!$B$9,FORM!$B$2:$B459,G$2,FORM!$A$2:$A459,">"&$B55+0.5,FORM!$A$2:$A459,"<"&$B55+1.5) -> -220 | H55: =sumifs(FORM!$D$2:$D459,FORM!$C$2:$C459,TODAY!$B$10,FORM!$B$2:$B459,H$2,FORM!$A$2:$A459,">"&$B55+0.5,FORM!$A$2:$A459,"<"&$B55+1.5)-sumifs(FORM!$D$2:$D459,FORM!$C$2:$C459,TODAY!$B$9,FORM!$B$2:$B459,H$2,FORM!$A$2:$A459,">"&$B55+0.5,FORM!$A$2:$A459,"<"&$B55+1.5) -> -4535 | I55: =sumifs(FORM!$D$2:$D459,FORM!$C$2:$C459,TODAY!$B$10,FORM!$B$2:$B459,I$2,FORM!$A$2:$A459,">"&$B55+0.5,FORM!$A$2:$A459,"<"&$B55+1.5)-sumifs(FORM!$D$2:$D459,FORM!$C$2:$C459,TODAY!$B$9,FORM!$B$2:$B459,I$2,FORM!$A$2:$A459,">"&$B55+0.5,FORM!$A$2:$A459,"<"&$B55+1.5) -> 0 | J55: =sumifs(FORM!$D$2:$D459,FORM!$C$2:$C459,TODAY!$B$10,FORM!$B$2:$B459,J$2,FORM!$A$2:$A459,">"&$B55+0.5,FORM!$A$2:$A459,"<"&$B55+1.5)-sumifs(FORM!$D$2:$D459,FORM!$C$2:$C459,TODAY!$B$9,FORM!$B$2:$B459,J$2,FORM!$A$2:$A459,">"&$B55+0.5,FORM!$A$2:$A459,"<"&$B55+1.5) -> 795 | K55: =sumifs(FORM!$D$2:$D459,FORM!$C$2:$C459,TODAY!$B$10,FORM!$B$2:$B459,K$2,FORM!$A$2:$A459,">"&$B55+0.5,FORM!$A$2:$A459,"<"&$B55+1.5)-sumifs(FORM!$D$2:$D459,FORM!$C$2:$C459,TODAY!$B$9,FORM!$B$2:$B459,K$2,FORM!$A$2:$A459,">"&$B55+0.5,FORM!$A$2:$A459,"<"&$B55+1.5) -> 0 | ... P55: =sumifs(FORM!$D$2:$D459,FORM!$C$2:$C459,TODAY!$B$10,FORM!$B$2:$B459,P$2,FORM!$A$2:$A459,">"&$B55+0.5,FORM!$A$2:$A459,"<"&$B55+1.5)-sumifs(FORM!$D$2:$D459,FORM!$C$2:$C459,TODAY!$B$9,FORM!$B$2:$B459,P$2,FORM!$A$2:$A459,">"&$B55+0.5,FORM!$A$2:$A459,"<"&$B55+1.5) -> 0 | Q55: 0 | R55: 0 | S55: 0 | T55: 0 | U55: =if(or($C55="",U$2=""),"",(sumifs(FORM!$D$2:$D459,FORM!$C$2:$C459,TODAY!$B$10,FORM!$B$2:$B459,U$2,FORM!$A$2:$A459,">"&$B55+0.5,FORM!$A$2:$A459,"<"&$B55+1.5)-sumifs(FORM!$D$2:$D459,FORM!$C$2:$C459,TODAY!$B$9,FORM!$B$2:$B459,U$2,FORM!$A$2:$A459,">"&$B55+0.5,FORM!$A$2:$A459,"<"&$B55+1.5))/$C55) -> 0
B56: 45074 | C56: 10 | D56: =sumifs(FORM!$D$2:$D459,FORM!$C$2:$C459,TODAY!$B$10,FORM!$B$2:$B459,D$2,FORM!$A$2:$A459,">"&$B56+0.5,FORM!$A$2:$A459,"<"&$B56+1.5)-sumifs(FORM!$D$2:$D459,FORM!$C$2:$C459,TODAY!$B$9,FORM!$B$2:$B459,D$2,FORM!$A$2:$A459,">"&$B56+0.5,FORM!$A$2:$A459,"<"&$B56+1.5) -> 400 | E56: =sumifs(FORM!$D$2:$D459,FORM!$C$2:$C459,TODAY!$B$10,FORM!$B$2:$B459,E$2,FORM!$A$2:$A459,">"&$B56+0.5,FORM!$A$2:$A459,"<"&$B56+1.5)-sumifs(FORM!$D$2:$D459,FORM!$C$2:$C459,TODAY!$B$9,FORM!$B$2:$B459,E$2,FORM!$A$2:$A459,">"&$B56+0.5,FORM!$A$2:$A459,"<"&$B56+1.5) -> -349 | F56: =sumifs(FORM!$D$2:$D459,FORM!$C$2:$C459,TODAY!$B$10,FORM!$B$2:$B459,F$2,FORM!$A$2:$A459,">"&$B56+0.5,FORM!$A$2:$A459,"<"&$B56+1.5)-sumifs(FORM!$D$2:$D459,FORM!$C$2:$C459,TODAY!$B$9,FORM!$B$2:$B459,F$2,FORM!$A$2:$A459,">"&$B56+0.5,FORM!$A$2:$A459,"<"&$B56+1.5) -> 120 | G56: =sumifs(FORM!$D$2:$D459,FORM!$C$2:$C459,TODAY!$B$10,FORM!$B$2:$B459,G$2,FORM!$A$2:$A459,">"&$B56+0.5,FORM!$A$2:$A459,"<"&$B56+1.5)-sumifs(FORM!$D$2:$D459,FORM!$C$2:$C459,TODAY!$B$9,FORM!$B$2:$B459,G$2,FORM!$A$2:$A459,">"&$B56+0.5,FORM!$A$2:$A459,"<"&$B56+1.5) -> 0 | H56: =sumifs(FORM!$D$2:$D459,FORM!$C$2:$C459,TODAY!$B$10,FORM!$B$2:$B459,H$2,FORM!$A$2:$A459,">"&$B56+0.5,FORM!$A$2:$A459,"<"&$B56+1.5)-sumifs(FORM!$D$2:$D459,FORM!$C$2:$C459,TODAY!$B$9,FORM!$B$2:$B459,H$2,FORM!$A$2:$A459,">"&$B56+0.5,FORM!$A$2:$A459,"<"&$B56+1.5) -> 0 | I56: =sumifs(FORM!$D$2:$D459,FORM!$C$2:$C459,TODAY!$B$10,FORM!$B$2:$B459,I$2,FORM!$A$2:$A459,">"&$B56+0.5,FORM!$A$2:$A459,"<"&$B56+1.5)-sumifs(FORM!$D$2:$D459,FORM!$C$2:$C459,TODAY!$B$9,FORM!$B$2:$B459,I$2,FORM!$A$2:$A459,">"&$B56+0.5,FORM!$A$2:$A459,"<"&$B56+1.5) -> 0 | J56: =sumifs(FORM!$D$2:$D459,FORM!$C$2:$C459,TODAY!$B$10,FORM!$B$2:$B459,J$2,FORM!$A$2:$A459,">"&$B56+0.5,FORM!$A$2:$A459,"<"&$B56+1.5)-sumifs(FORM!$D$2:$D459,FORM!$C$2:$C459,TODAY!$B$9,FORM!$B$2:$B459,J$2,FORM!$A$2:$A459,">"&$B56+0.5,FORM!$A$2:$A459,"<"&$B56+1.5) -> 0 | K56: =sumifs(FORM!$D$2:$D459,FORM!$C$2:$C459,TODAY!$B$10,FORM!$B$2:$B459,K$2,FORM!$A$2:$A459,">"&$B56+0.5,FORM!$A$2:$A459,"<"&$B56+1.5)-sumifs(FORM!$D$2:$D459,FORM!$C$2:$C459,TODAY!$B$9,FORM!$B$2:$B459,K$2,FORM!$A$2:$A459,">"&$B56+0.5,FORM!$A$2:$A459,"<"&$B56+1.5) -> 0 | ... P56: =sumifs(FORM!$D$2:$D459,FORM!$C$2:$C459,TODAY!$B$10,FORM!$B$2:$B459,P$2,FORM!$A$2:$A459,">"&$B56+0.5,FORM!$A$2:$A459,"<"&$B56+1.5)-sumifs(FORM!$D$2:$D459,FORM!$C$2:$C459,TODAY!$B$9,FORM!$B$2:$B459,P$2,FORM!$A$2:$A459,">"&$B56+0.5,FORM!$A$2:$A459,"<"&$B56+1.5) -> -171 | Q56: 0 | R56: 0 | S56: 0 | T56: 0 | U56: =if(or($C56="",U$2=""),"",(sumifs(FORM!$D$2:$D459,FORM!$C$2:$C459,TODAY!$B$10,FORM!$B$2:$B459,U$2,FORM!$A$2:$A459,">"&$B56+0.5,FORM!$A$2:$A459,"<"&$B56+1.5)-sumifs(FORM!$D$2:$D459,FORM!$C$2:$C459,TODAY!$B$9,FORM!$B$2:$B459,U$2,FORM!$A$2:$A459,">"&$B56+0.5,FORM!$A$2:$A459,"<"&$B56+1.5))/$C56) -> 0
B57: 45079 | C57: 10 | D57: =sumifs(FORM!$D$2:$D459,FORM!$C$2:$C459,TODAY!$B$10,FORM!$B$2:$B459,D$2,FORM!$A$2:$A459,">"&$B57+0.5,FORM!$A$2:$A459,"<"&$B57+1.5)-sumifs(FORM!$D$2:$D459,FORM!$C$2:$C459,TODAY!$B$9,FORM!$B$2:$B459,D$2,FORM!$A$2:$A459,">"&$B57+0.5,FORM!$A$2:$A459,"<"&$B57+1.5) -> 233 | E57: =sumifs(FORM!$D$2:$D459,FORM!$C$2:$C459,TODAY!$B$10,FORM!$B$2:$B459,E$2,FORM!$A$2:$A459,">"&$B57+0.5,FORM!$A$2:$A459,"<"&$B57+1.5)-sumifs(FORM!$D$2:$D459,FORM!$C$2:$C459,TODAY!$B$9,FORM!$B$2:$B459,E$2,FORM!$A$2:$A459,">"&$B57+0.5,FORM!$A$2:$A459,"<"&$B57+1.5) -> 444 | F57: =sumifs(FORM!$D$2:$D459,FORM!$C$2:$C459,TODAY!$B$10,FORM!$B$2:$B459,F$2,FORM!$A$2:$A459,">"&$B57+0.5,FORM!$A$2:$A459,"<"&$B57+1.5)-sumifs(FORM!$D$2:$D459,FORM!$C$2:$C459,TODAY!$B$9,FORM!$B$2:$B459,F$2,FORM!$A$2:$A459,">"&$B57+0.5,FORM!$A$2:$A459,"<"&$B57+1.5) -> 62 | G57: =sumifs(FORM!$D$2:$D459,FORM!$C$2:$C459,TODAY!$B$10,FORM!$B$2:$B459,G$2,FORM!$A$2:$A459,">"&$B57+0.5,FORM!$A$2:$A459,"<"&$B57+1.5)-sumifs(FORM!$D$2:$D459,FORM!$C$2:$C459,TODAY!$B$9,FORM!$B$2:$B459,G$2,FORM!$A$2:$A459,">"&$B57+0.5,FORM!$A$2:$A459,"<"&$B57+1.5) -> 0 | H57: =sumifs(FORM!$D$2:$D459,FORM!$C$2:$C459,TODAY!$B$10,FORM!$B$2:$B459,H$2,FORM!$A$2:$A459,">"&$B57+0.5,FORM!$A$2:$A459,"<"&$B57+1.5)-sumifs(FORM!$D$2:$D459,FORM!$C$2:$C459,TODAY!$B$9,FORM!$B$2:$B459,H$2,FORM!$A$2:$A459,">"&$B57+0.5,FORM!$A$2:$A459,"<"&$B57+1.5) -> -644 | I57: =sumifs(FORM!$D$2:$D459,FORM!$C$2:$C459,TODAY!$B$10,FORM!$B$2:$B459,I$2,FORM!$A$2:$A459,">"&$B57+0.5,FORM!$A$2:$A459,"<"&$B57+1.5)-sumifs(FORM!$D$2:$D459,FORM!$C$2:$C459,TODAY!$B$9,FORM!$B$2:$B459,I$2,FORM!$A$2:$A459,">"&$B57+0.5,FORM!$A$2:$A459,"<"&$B57+1.5) -> 0 | J57: =sumifs(FORM!$D$2:$D459,FORM!$C$2:$C459,TODAY!$B$10,FORM!$B$2:$B459,J$2,FORM!$A$2:$A459,">"&$B57+0.5,FORM!$A$2:$A459,"<"&$B57+1.5)-sumifs(FORM!$D$2:$D459,FORM!$C$2:$C459,TODAY!$B$9,FORM!$B$2:$B459,J$2,FORM!$A$2:$A459,">"&$B57+0.5,FORM!$A$2:$A459,"<"&$B57+1.5) -> -146 | K57: =sumifs(FORM!$D$2:$D459,FORM!$C$2:$C459,TODAY!$B$10,FORM!$B$2:$B459,K$2,FORM!$A$2:$A459,">"&$B57+0.5,FORM!$A$2:$A459,"<"&$B57+1.5)-sumifs(FORM!$D$2:$D459,FORM!$C$2:$C459,TODAY!$B$9,FORM!$B$2:$B459,K$2,FORM!$A$2:$A459,">"&$B57+0.5,FORM!$A$2:$A459,"<"&$B57+1.5) -> 0 | ... P57: =sumifs(FORM!$D$2:$D459,FORM!$C$2:$C459,TODAY!$B$10,FORM!$B$2:$B459,P$2,FORM!$A$2:$A459,">"&$B57+0.5,FORM!$A$2:$A459,"<"&$B57+1.5)-sumifs(FORM!$D$2:$D459,FORM!$C$2:$C459,TODAY!$B$9,FORM!$B$2:$B459,P$2,FORM!$A$2:$A459,">"&$B57+0.5,FORM!$A$2:$A459,"<"&$B57+1.5) -> 51 | Q57: 0 | R57: 0 | S57: 0 | T57: 0 | U57: =if(or($C57="",U$2=""),"",(sumifs(FORM!$D$2:$D459,FORM!$C$2:$C459,TODAY!$B$10,FORM!$B$2:$B459,U$2,FORM!$A$2:$A459,">"&$B57+0.5,FORM!$A$2:$A459,"<"&$B57+1.5)-sumifs(FORM!$D$2:$D459,FORM!$C$2:$C459,TODAY!$B$9,FORM!$B$2:$B459,U$2,FORM!$A$2:$A459,">"&$B57+0.5,FORM!$A$2:$A459,"<"&$B57+1.5))/$C57) -> 0
B58: 45090 | C58: 10 | D58: =sumifs(FORM!$D$2:$D459,FORM!$C$2:$C459,TODAY!$B$10,FORM!$B$2:$B459,D$2,FORM!$A$2:$A459,">"&$B58+0.5,FORM!$A$2:$A459,"<"&$B58+1.5)-sumifs(FORM!$D$2:$D459,FORM!$C$2:$C459,TODAY!$B$9,FORM!$B$2:$B459,D$2,FORM!$A$2:$A459,">"&$B58+0.5,FORM!$A$2:$A459,"<"&$B58+1.5) -> 248 | E58: =sumifs(FORM!$D$2:$D459,FORM!$C$2:$C459,TODAY!$B$10,FORM!$B$2:$B459,E$2,FORM!$A$2:$A459,">"&$B58+0.5,FORM!$A$2:$A459,"<"&$B58+1.5)-sumifs(FORM!$D$2:$D459,FORM!$C$2:$C459,TODAY!$B$9,FORM!$B$2:$B459,E$2,FORM!$A$2:$A459,">"&$B58+0.5,FORM!$A$2:$A459,"<"&$B58+1.5) -> -167 | F58: =sumifs(FORM!$D$2:$D459,FORM!$C$2:$C459,TODAY!$B$10,FORM!$B$2:$B459,F$2,FORM!$A$2:$A459,">"&$B58+0.5,FORM!$A$2:$A459,"<"&$B58+1.5)-sumifs(FORM!$D$2:$D459,FORM!$C$2:$C459,TODAY!$B$9,FORM!$B$2:$B459,F$2,FORM!$A$2:$A459,">"&$B58+0.5,FORM!$A$2:$A459,"<"&$B58+1.5) -> 63 | G58: =sumifs(FORM!$D$2:$D459,FORM!$C$2:$C459,TODAY!$B$10,FORM!$B$2:$B459,G$2,FORM!$A$2:$A459,">"&$B58+0.5,FORM!$A$2:$A459,"<"&$B58+1.5)-sumifs(FORM!$D$2:$D459,FORM!$C$2:$C459,TODAY!$B$9,FORM!$B$2:$B459,G$2,FORM!$A$2:$A459,">"&$B58+0.5,FORM!$A$2:$A459,"<"&$B58+1.5) -> 0 | H58: =sumifs(FORM!$D$2:$D459,FORM!$C$2:$C459,TODAY!$B$10,FORM!$B$2:$B459,H$2,FORM!$A$2:$A459,">"&$B58+0.5,FORM!$A$2:$A459,"<"&$B58+1.5)-sumifs(FORM!$D$2:$D459,FORM!$C$2:$C459,TODAY!$B$9,FORM!$B$2:$B459,H$2,FORM!$A$2:$A459,">"&$B58+0.5,FORM!$A$2:$A459,"<"&$B58+1.5) -> 0 | I58: =sumifs(FORM!$D$2:$D459,FORM!$C$2:$C459,TODAY!$B$10,FORM!$B$2:$B459,I$2,FORM!$A$2:$A459,">"&$B58+0.5,FORM!$A$2:$A459,"<"&$B58+1.5)-sumifs(FORM!$D$2:$D459,FORM!$C$2:$C459,TODAY!$B$9,FORM!$B$2:$B459,I$2,FORM!$A$2:$A459,">"&$B58+0.5,FORM!$A$2:$A459,"<"&$B58+1.5) -> 0 | J58: =sumifs(FORM!$D$2:$D459,FORM!$C$2:$C459,TODAY!$B$10,FORM!$B$2:$B459,J$2,FORM!$A$2:$A459,">"&$B58+0.5,FORM!$A$2:$A459,"<"&$B58+1.5)-sumifs(FORM!$D$2:$D459,FORM!$C$2:$C459,TODAY!$B$9,FORM!$B$2:$B459,J$2,FORM!$A$2:$A459,">"&$B58+0.5,FORM!$A$2:$A459,"<"&$B58+1.5) -> 0 | K58: =sumifs(FORM!$D$2:$D459,FORM!$C$2:$C459,TODAY!$B$10,FORM!$B$2:$B459,K$2,FORM!$A$2:$A459,">"&$B58+0.5,FORM!$A$2:$A459,"<"&$B58+1.5)-sumifs(FORM!$D$2:$D459,FORM!$C$2:$C459,TODAY!$B$9,FORM!$B$2:$B459,K$2,FORM!$A$2:$A459,">"&$B58+0.5,FORM!$A$2:$A459,"<"&$B58+1.5) -> 0 | ... P58: =sumifs(FORM!$D$2:$D459,FORM!$C$2:$C459,TODAY!$B$10,FORM!$B$2:$B459,P$2,FORM!$A$2:$A459,">"&$B58+0.5,FORM!$A$2:$A459,"<"&$B58+1.5)-sumifs(FORM!$D$2:$D459,FORM!$C$2:$C459,TODAY!$B$9,FORM!$B$2:$B459,P$2,FORM!$A$2:$A459,">"&$B58+0.5,FORM!$A$2:$A459,"<"&$B58+1.5) -> -144 | Q58: 0 | R58: 0 | S58: 0 | T58: 0 | U58: =if(or($C58="",U$2=""),"",(sumifs(FORM!$D$2:$D459,FORM!$C$2:$C459,TODAY!$B$10,FORM!$B$2:$B459,U$2,FORM!$A$2:$A459,">"&$B58+0.5,FORM!$A$2:$A459,"<"&$B58+1.5)-sumifs(FORM!$D$2:$D459,FORM!$C$2:$C459,TODAY!$B$9,FORM!$B$2:$B459,U$2,FORM!$A$2:$A459,">"&$B58+0.5,FORM!$A$2:$A459,"<"&$B58+1.5))/$C58) -> 0
B59: 45102 | C59: 10 | D59: =sumifs(FORM!$D$2:$D459,FORM!$C$2:$C459,TODAY!$B$10,FORM!$B$2:$B459,D$2,FORM!$A$2:$A459,">"&$B59+0.5,FORM!$A$2:$A459,"<"&$B59+1.5)-sumifs(FORM!$D$2:$D459,FORM!$C$2:$C459,TODAY!$B$9,FORM!$B$2:$B459,D$2,FORM!$A$2:$A459,">"&$B59+0.5,FORM!$A$2:$A459,"<"&$B59+1.5) -> 58 | E59: =sumifs(FORM!$D$2:$D459,FORM!$C$2:$C459,TODAY!$B$10,FORM!$B$2:$B459,E$2,FORM!$A$2:$A459,">"&$B59+0.5,FORM!$A$2:$A459,"<"&$B59+1.5)-sumifs(FORM!$D$2:$D459,FORM!$C$2:$C459,TODAY!$B$9,FORM!$B$2:$B459,E$2,FORM!$A$2:$A459,">"&$B59+0.5,FORM!$A$2:$A459,"<"&$B59+1.5) -> -186 | F59: =sumifs(FORM!$D$2:$D459,FORM!$C$2:$C459,TODAY!$B$10,FORM!$B$2:$B459,F$2,FORM!$A$2:$A459,">"&$B59+0.5,FORM!$A$2:$A459,"<"&$B59+1.5)-sumifs(FORM!$D$2:$D459,FORM!$C$2:$C459,TODAY!$B$9,FORM!$B$2:$B459,F$2,FORM!$A$2:$A459,">"&$B59+0.5,FORM!$A$2:$A459,"<"&$B59+1.5) -> 335 | G59: =sumifs(FORM!$D$2:$D459,FORM!$C$2:$C459,TODAY!$B$10,FORM!$B$2:$B459,G$2,FORM!$A$2:$A459,">"&$B59+0.5,FORM!$A$2:$A459,"<"&$B59+1.5)-sumifs(FORM!$D$2:$D459,FORM!$C$2:$C459,TODAY!$B$9,FORM!$B$2:$B459,G$2,FORM!$A$2:$A459,">"&$B59+0.5,FORM!$A$2:$A459,"<"&$B59+1.5) -> 0 | H59: =sumifs(FORM!$D$2:$D459,FORM!$C$2:$C459,TODAY!$B$10,FORM!$B$2:$B459,H$2,FORM!$A$2:$A459,">"&$B59+0.5,FORM!$A$2:$A459,"<"&$B59+1.5)-sumifs(FORM!$D$2:$D459,FORM!$C$2:$C459,TODAY!$B$9,FORM!$B$2:$B459,H$2,FORM!$A$2:$A459,">"&$B59+0.5,FORM!$A$2:$A459,"<"&$B59+1.5) -> -114 | I59: =sumifs(FORM!$D$2:$D459,FORM!$C$2:$C459,TODAY!$B$10,FORM!$B$2:$B459,I$2,FORM!$A$2:$A459,">"&$B59+0.5,FORM!$A$2:$A459,"<"&$B59+1.5)-sumifs(FORM!$D$2:$D459,FORM!$C$2:$C459,TODAY!$B$9,FORM!$B$2:$B459,I$2,FORM!$A$2:$A459,">"&$B59+0.5,FORM!$A$2:$A459,"<"&$B59+1.5) -> -93 | J59: =sumifs(FORM!$D$2:$D459,FORM!$C$2:$C459,TODAY!$B$10,FORM!$B$2:$B459,J$2,FORM!$A$2:$A459,">"&$B59+0.5,FORM!$A$2:$A459,"<"&$B59+1.5)-sumifs(FORM!$D$2:$D459,FORM!$C$2:$C459,TODAY!$B$9,FORM!$B$2:$B459,J$2,FORM!$A$2:$A459,">"&$B59+0.5,FORM!$A$2:$A459,"<"&$B59+1.5) -> 0 | K59: =sumifs(FORM!$D$2:$D459,FORM!$C$2:$C459,TODAY!$B$10,FORM!$B$2:$B459,K$2,FORM!$A$2:$A459,">"&$B59+0.5,FORM!$A$2:$A459,"<"&$B59+1.5)-sumifs(FORM!$D$2:$D459,FORM!$C$2:$C459,TODAY!$B$9,FORM!$B$2:$B459,K$2,FORM!$A$2:$A459,">"&$B59+0.5,FORM!$A$2:$A459,"<"&$B59+1.5) -> 0 | ... P59: =sumifs(FORM!$D$2:$D459,FORM!$C$2:$C459,TODAY!$B$10,FORM!$B$2:$B459,P$2,FORM!$A$2:$A459,">"&$B59+0.5,FORM!$A$2:$A459,"<"&$B59+1.5)-sumifs(FORM!$D$2:$D459,FORM!$C$2:$C459,TODAY!$B$9,FORM!$B$2:$B459,P$2,FORM!$A$2:$A459,">"&$B59+0.5,FORM!$A$2:$A459,"<"&$B59+1.5) -> 0 | Q59: 0 | R59: 0 | S59: 0 | T59: 0 | U59: =if(or($C59="",U$2=""),"",(sumifs(FORM!$D$2:$D459,FORM!$C$2:$C459,TODAY!$B$10,FORM!$B$2:$B459,U$2,FORM!$A$2:$A459,">"&$B59+0.5,FORM!$A$2:$A459,"<"&$B59+1.5)-sumifs(FORM!$D$2:$D459,FORM!$C$2:$C459,TODAY!$B$9,FORM!$B$2:$B459,U$2,FORM!$A$2:$A459,">"&$B59+0.5,FORM!$A$2:$A459,"<"&$B59+1.5))/$C59) -> 0
B60: 45107 | C60: 10 | D60: =sumifs(FORM!$D$2:$D459,FORM!$C$2:$C459,TODAY!$B$10,FORM!$B$2:$B459,D$2,FORM!$A$2:$A459,">"&$B60+0.5,FORM!$A$2:$A459,"<"&$B60+1.5)-sumifs(FORM!$D$2:$D459,FORM!$C$2:$C459,TODAY!$B$9,FORM!$B$2:$B459,D$2,FORM!$A$2:$A459,">"&$B60+0.5,FORM!$A$2:$A459,"<"&$B60+1.5) -> 446 | E60: =sumifs(FORM!$D$2:$D459,FORM!$C$2:$C459,TODAY!$B$10,FORM!$B$2:$B459,E$2,FORM!$A$2:$A459,">"&$B60+0.5,FORM!$A$2:$A459,"<"&$B60+1.5)-sumifs(FORM!$D$2:$D459,FORM!$C$2:$C459,TODAY!$B$9,FORM!$B$2:$B459,E$2,FORM!$A$2:$A459,">"&$B60+0.5,FORM!$A$2:$A459,"<"&$B60+1.5) -> -200 | F60: =sumifs(FORM!$D$2:$D459,FORM!$C$2:$C459,TODAY!$B$10,FORM!$B$2:$B459,F$2,FORM!$A$2:$A459,">"&$B60+0.5,FORM!$A$2:$A459,"<"&$B60+1.5)-sumifs(FORM!$D$2:$D459,FORM!$C$2:$C459,TODAY!$B$9,FORM!$B$2:$B459,F$2,FORM!$A$2:$A459,">"&$B60+0.5,FORM!$A$2:$A459,"<"&$B60+1.5) -> 0 | G60: =sumifs(FORM!$D$2:$D459,FORM!$C$2:$C459,TODAY!$B$10,FORM!$B$2:$B459,G$2,FORM!$A$2:$A459,">"&$B60+0.5,FORM!$A$2:$A459,"<"&$B60+1.5)-sumifs(FORM!$D$2:$D459,FORM!$C$2:$C459,TODAY!$B$9,FORM!$B$2:$B459,G$2,FORM!$A$2:$A459,">"&$B60+0.5,FORM!$A$2:$A459,"<"&$B60+1.5) -> 0 | H60: =sumifs(FORM!$D$2:$D459,FORM!$C$2:$C459,TODAY!$B$10,FORM!$B$2:$B459,H$2,FORM!$A$2:$A459,">"&$B60+0.5,FORM!$A$2:$A459,"<"&$B60+1.5)-sumifs(FORM!$D$2:$D459,FORM!$C$2:$C459,TODAY!$B$9,FORM!$B$2:$B459,H$2,FORM!$A$2:$A459,">"&$B60+0.5,FORM!$A$2:$A459,"<"&$B60+1.5) -> 116 | I60: =sumifs(FORM!$D$2:$D459,FORM!$C$2:$C459,TODAY!$B$10,FORM!$B$2:$B459,I$2,FORM!$A$2:$A459,">"&$B60+0.5,FORM!$A$2:$A459,"<"&$B60+1.5)-sumifs(FORM!$D$2:$D459,FORM!$C$2:$C459,TODAY!$B$9,FORM!$B$2:$B459,I$2,FORM!$A$2:$A459,">"&$B60+0.5,FORM!$A$2:$A459,"<"&$B60+1.5) -> 0 | J60: =sumifs(FORM!$D$2:$D459,FORM!$C$2:$C459,TODAY!$B$10,FORM!$B$2:$B459,J$2,FORM!$A$2:$A459,">"&$B60+0.5,FORM!$A$2:$A459,"<"&$B60+1.5)-sumifs(FORM!$D$2:$D459,FORM!$C$2:$C459,TODAY!$B$9,FORM!$B$2:$B459,J$2,FORM!$A$2:$A459,">"&$B60+0.5,FORM!$A$2:$A459,"<"&$B60+1.5) -> -154 | K60: =sumifs(FORM!$D$2:$D459,FORM!$C$2:$C459,TODAY!$B$10,FORM!$B$2:$B459,K$2,FORM!$A$2:$A459,">"&$B60+0.5,FORM!$A$2:$A459,"<"&$B60+1.5)-sumifs(FORM!$D$2:$D459,FORM!$C$2:$C459,TODAY!$B$9,FORM!$B$2:$B459,K$2,FORM!$A$2:$A459,">"&$B60+0.5,FORM!$A$2:$A459,"<"&$B60+1.5) -> 0 | ... P60: =sumifs(FORM!$D$2:$D459,FORM!$C$2:$C459,TODAY!$B$10,FORM!$B$2:$B459,P$2,FORM!$A$2:$A459,">"&$B60+0.5,FORM!$A$2:$A459,"<"&$B60+1.5)-sumifs(FORM!$D$2:$D459,FORM!$C$2:$C459,TODAY!$B$9,FORM!$B$2:$B459,P$2,FORM!$A$2:$A459,">"&$B60+0.5,FORM!$A$2:$A459,"<"&$B60+1.5) -> -208 | Q60: 0 | R60: 0 | S60: 0 | T60: 0 | U60: =if(or($C60="",U$2=""),"",(sumifs(FORM!$D$2:$D459,FORM!$C$2:$C459,TODAY!$B$10,FORM!$B$2:$B459,U$2,FORM!$A$2:$A459,">"&$B60+0.5,FORM!$A$2:$A459,"<"&$B60+1.5)-sumifs(FORM!$D$2:$D459,FORM!$C$2:$C459,TODAY!$B$9,FORM!$B$2:$B459,U$2,FORM!$A$2:$A459,">"&$B60+0.5,FORM!$A$2:$A459,"<"&$B60+1.5))/$C60) -> 0
B61: 45109 | C61: 10 | D61: =sumifs(FORM!$D$2:$D459,FORM!$C$2:$C459,TODAY!$B$10,FORM!$B$2:$B459,D$2,FORM!$A$2:$A459,">"&$B61+0.5,FORM!$A$2:$A459,"<"&$B61+1.5)-sumifs(FORM!$D$2:$D459,FORM!$C$2:$C459,TODAY!$B$9,FORM!$B$2:$B459,D$2,FORM!$A$2:$A459,">"&$B61+0.5,FORM!$A$2:$A459,"<"&$B61+1.5) -> -63 | E61: =sumifs(FORM!$D$2:$D459,FORM!$C$2:$C459,TODAY!$B$10,FORM!$B$2:$B459,E$2,FORM!$A$2:$A459,">"&$B61+0.5,FORM!$A$2:$A459,"<"&$B61+1.5)-sumifs(FORM!$D$2:$D459,FORM!$C$2:$C459,TODAY!$B$9,FORM!$B$2:$B459,E$2,FORM!$A$2:$A459,">"&$B61+0.5,FORM!$A$2:$A459,"<"&$B61+1.5) -> 137 | F61: =sumifs(FORM!$D$2:$D459,FORM!$C$2:$C459,TODAY!$B$10,FORM!$B$2:$B459,F$2,FORM!$A$2:$A459,">"&$B61+0.5,FORM!$A$2:$A459,"<"&$B61+1.5)-sumifs(FORM!$D$2:$D459,FORM!$C$2:$C459,TODAY!$B$9,FORM!$B$2:$B459,F$2,FORM!$A$2:$A459,">"&$B61+0.5,FORM!$A$2:$A459,"<"&$B61+1.5) -> -200 | G61: =sumifs(FORM!$D$2:$D459,FORM!$C$2:$C459,TODAY!$B$10,FORM!$B$2:$B459,G$2,FORM!$A$2:$A459,">"&$B61+0.5,FORM!$A$2:$A459,"<"&$B61+1.5)-sumifs(FORM!$D$2:$D459,FORM!$C$2:$C459,TODAY!$B$9,FORM!$B$2:$B459,G$2,FORM!$A$2:$A459,">"&$B61+0.5,FORM!$A$2:$A459,"<"&$B61+1.5) -> 0 | H61: =sumifs(FORM!$D$2:$D459,FORM!$C$2:$C459,TODAY!$B$10,FORM!$B$2:$B459,H$2,FORM!$A$2:$A459,">"&$B61+0.5,FORM!$A$2:$A459,"<"&$B61+1.5)-sumifs(FORM!$D$2:$D459,FORM!$C$2:$C459,TODAY!$B$9,FORM!$B$2:$B459,H$2,FORM!$A$2:$A459,">"&$B61+0.5,FORM!$A$2:$A459,"<"&$B61+1.5) -> 233 | I61: =sumifs(FORM!$D$2:$D459,FORM!$C$2:$C459,TODAY!$B$10,FORM!$B$2:$B459,I$2,FORM!$A$2:$A459,">"&$B61+0.5,FORM!$A$2:$A459,"<"&$B61+1.5)-sumifs(FORM!$D$2:$D459,FORM!$C$2:$C459,TODAY!$B$9,FORM!$B$2:$B459,I$2,FORM!$A$2:$A459,">"&$B61+0.5,FORM!$A$2:$A459,"<"&$B61+1.5) -> 0 | J61: =sumifs(FORM!$D$2:$D459,FORM!$C$2:$C459,TODAY!$B$10,FORM!$B$2:$B459,J$2,FORM!$A$2:$A459,">"&$B61+0.5,FORM!$A$2:$A459,"<"&$B61+1.5)-sumifs(FORM!$D$2:$D459,FORM!$C$2:$C459,TODAY!$B$9,FORM!$B$2:$B459,J$2,FORM!$A$2:$A459,">"&$B61+0.5,FORM!$A$2:$A459,"<"&$B61+1.5) -> -93 | K61: =sumifs(FORM!$D$2:$D459,FORM!$C$2:$C459,TODAY!$B$10,FORM!$B$2:$B459,K$2,FORM!$A$2:$A459,">"&$B61+0.5,FORM!$A$2:$A459,"<"&$B61+1.5)-sumifs(FORM!$D$2:$D459,FORM!$C$2:$C459,TODAY!$B$9,FORM!$B$2:$B459,K$2,FORM!$A$2:$A459,">"&$B61+0.5,FORM!$A$2:$A459,"<"&$B61+1.5) -> 0 | ... P61: =sumifs(FORM!$D$2:$D459,FORM!$C$2:$C459,TODAY!$B$10,FORM!$B$2:$B459,P$2,FORM!$A$2:$A459,">"&$B61+0.5,FORM!$A$2:$A459,"<"&$B61+1.5)-sumifs(FORM!$D$2:$D459,FORM!$C$2:$C459,TODAY!$B$9,FORM!$B$2:$B459,P$2,FORM!$A$2:$A459,">"&$B61+0.5,FORM!$A$2:$A459,"<"&$B61+1.5) -> -14 | Q61: 0 | R61: 0 | S61: 0 | T61: 0 | U61: =if(or($C61="",U$2=""),"",(sumifs(FORM!$D$2:$D459,FORM!$C$2:$C459,TODAY!$B$10,FORM!$B$2:$B459,U$2,FORM!$A$2:$A459,">"&$B61+0.5,FORM!$A$2:$A459,"<"&$B61+1.5)-sumifs(FORM!$D$2:$D459,FORM!$C$2:$C459,TODAY!$B$9,FORM!$B$2:$B459,U$2,FORM!$A$2:$A459,">"&$B61+0.5,FORM!$A$2:$A459,"<"&$B61+1.5))/$C61) -> 0
B62: 45115 | C62: 10 | D62: =sumifs(FORM!$D$2:$D459,FORM!$C$2:$C459,TODAY!$B$10,FORM!$B$2:$B459,D$2,FORM!$A$2:$A459,">"&$B62+0.5,FORM!$A$2:$A459,"<"&$B62+1.5)-sumifs(FORM!$D$2:$D459,FORM!$C$2:$C459,TODAY!$B$9,FORM!$B$2:$B459,D$2,FORM!$A$2:$A459,">"&$B62+0.5,FORM!$A$2:$A459,"<"&$B62+1.5) -> 512 | E62: =sumifs(FORM!$D$2:$D459,FORM!$C$2:$C459,TODAY!$B$10,FORM!$B$2:$B459,E$2,FORM!$A$2:$A459,">"&$B62+0.5,FORM!$A$2:$A459,"<"&$B62+1.5)-sumifs(FORM!$D$2:$D459,FORM!$C$2:$C459,TODAY!$B$9,FORM!$B$2:$B459,E$2,FORM!$A$2:$A459,">"&$B62+0.5,FORM!$A$2:$A459,"<"&$B62+1.5) -> 273 | F62: =sumifs(FORM!$D$2:$D459,FORM!$C$2:$C459,TODAY!$B$10,FORM!$B$2:$B459,F$2,FORM!$A$2:$A459,">"&$B62+0.5,FORM!$A$2:$A459,"<"&$B62+1.5)-sumifs(FORM!$D$2:$D459,FORM!$C$2:$C459,TODAY!$B$9,FORM!$B$2:$B459,F$2,FORM!$A$2:$A459,">"&$B62+0.5,FORM!$A$2:$A459,"<"&$B62+1.5) -> -283 | G62: =sumifs(FORM!$D$2:$D459,FORM!$C$2:$C459,TODAY!$B$10,FORM!$B$2:$B459,G$2,FORM!$A$2:$A459,">"&$B62+0.5,FORM!$A$2:$A459,"<"&$B62+1.5)-sumifs(FORM!$D$2:$D459,FORM!$C$2:$C459,TODAY!$B$9,FORM!$B$2:$B459,G$2,FORM!$A$2:$A459,">"&$B62+0.5,FORM!$A$2:$A459,"<"&$B62+1.5) -> 0 | H62: =sumifs(FORM!$D$2:$D459,FORM!$C$2:$C459,TODAY!$B$10,FORM!$B$2:$B459,H$2,FORM!$A$2:$A459,">"&$B62+0.5,FORM!$A$2:$A459,"<"&$B62+1.5)-sumifs(FORM!$D$2:$D459,FORM!$C$2:$C459,TODAY!$B$9,FORM!$B$2:$B459,H$2,FORM!$A$2:$A459,">"&$B62+0.5,FORM!$A$2:$A459,"<"&$B62+1.5) -> -39 | I62: =sumifs(FORM!$D$2:$D459,FORM!$C$2:$C459,TODAY!$B$10,FORM!$B$2:$B459,I$2,FORM!$A$2:$A459,">"&$B62+0.5,FORM!$A$2:$A459,"<"&$B62+1.5)-sumifs(FORM!$D$2:$D459,FORM!$C$2:$C459,TODAY!$B$9,FORM!$B$2:$B459,I$2,FORM!$A$2:$A459,">"&$B62+0.5,FORM!$A$2:$A459,"<"&$B62+1.5) -> 0 | J62: =sumifs(FORM!$D$2:$D459,FORM!$C$2:$C459,TODAY!$B$10,FORM!$B$2:$B459,J$2,FORM!$A$2:$A459,">"&$B62+0.5,FORM!$A$2:$A459,"<"&$B62+1.5)-sumifs(FORM!$D$2:$D459,FORM!$C$2:$C459,TODAY!$B$9,FORM!$B$2:$B459,J$2,FORM!$A$2:$A459,">"&$B62+0.5,FORM!$A$2:$A459,"<"&$B62+1.5) -> 173 | K62: =sumifs(FORM!$D$2:$D459,FORM!$C$2:$C459,TODAY!$B$10,FORM!$B$2:$B459,K$2,FORM!$A$2:$A459,">"&$B62+0.5,FORM!$A$2:$A459,"<"&$B62+1.5)-sumifs(FORM!$D$2:$D459,FORM!$C$2:$C459,TODAY!$B$9,FORM!$B$2:$B459,K$2,FORM!$A$2:$A459,">"&$B62+0.5,FORM!$A$2:$A459,"<"&$B62+1.5) -> 0 | ... P62: =sumifs(FORM!$D$2:$D459,FORM!$C$2:$C459,TODAY!$B$10,FORM!$B$2:$B459,P$2,FORM!$A$2:$A459,">"&$B62+0.5,FORM!$A$2:$A459,"<"&$B62+1.5)-sumifs(FORM!$D$2:$D459,FORM!$C$2:$C459,TODAY!$B$9,FORM!$B$2:$B459,P$2,FORM!$A$2:$A459,">"&$B62+0.5,FORM!$A$2:$A459,"<"&$B62+1.5) -> -636 | Q62: 0 | R62: 0 | S62: 0 | T62: 0 | U62: =if(or($C62="",U$2=""),"",(sumifs(FORM!$D$2:$D459,FORM!$C$2:$C459,TODAY!$B$10,FORM!$B$2:$B459,U$2,FORM!$A$2:$A459,">"&$B62+0.5,FORM!$A$2:$A459,"<"&$B62+1.5)-sumifs(FORM!$D$2:$D459,FORM!$C$2:$C459,TODAY!$B$9,FORM!$B$2:$B459,U$2,FORM!$A$2:$A459,">"&$B62+0.5,FORM!$A$2:$A459,"<"&$B62+1.5))/$C62) -> 0
B63: 45116 | C63: 10 | D63: =sumifs(FORM!$D$2:$D459,FORM!$C$2:$C459,TODAY!$B$10,FORM!$B$2:$B459,D$2,FORM!$A$2:$A459,">"&$B63+0.5,FORM!$A$2:$A459,"<"&$B63+1.5)-sumifs(FORM!$D$2:$D459,FORM!$C$2:$C459,TODAY!$B$9,FORM!$B$2:$B459,D$2,FORM!$A$2:$A459,">"&$B63+0.5,FORM!$A$2:$A459,"<"&$B63+1.5) -> -284 | E63: =sumifs(FORM!$D$2:$D459,FORM!$C$2:$C459,TODAY!$B$10,FORM!$B$2:$B459,E$2,FORM!$A$2:$A459,">"&$B63+0.5,FORM!$A$2:$A459,"<"&$B63+1.5)-sumifs(FORM!$D$2:$D459,FORM!$C$2:$C459,TODAY!$B$9,FORM!$B$2:$B459,E$2,FORM!$A$2:$A459,">"&$B63+0.5,FORM!$A$2:$A459,"<"&$B63+1.5) -> 80 | F63: =sumifs(FORM!$D$2:$D459,FORM!$C$2:$C459,TODAY!$B$10,FORM!$B$2:$B459,F$2,FORM!$A$2:$A459,">"&$B63+0.5,FORM!$A$2:$A459,"<"&$B63+1.5)-sumifs(FORM!$D$2:$D459,FORM!$C$2:$C459,TODAY!$B$9,FORM!$B$2:$B459,F$2,FORM!$A$2:$A459,">"&$B63+0.5,FORM!$A$2:$A459,"<"&$B63+1.5) -> 251 | G63: =sumifs(FORM!$D$2:$D459,FORM!$C$2:$C459,TODAY!$B$10,FORM!$B$2:$B459,G$2,FORM!$A$2:$A459,">"&$B63+0.5,FORM!$A$2:$A459,"<"&$B63+1.5)-sumifs(FORM!$D$2:$D459,FORM!$C$2:$C459,TODAY!$B$9,FORM!$B$2:$B459,G$2,FORM!$A$2:$A459,">"&$B63+0.5,FORM!$A$2:$A459,"<"&$B63+1.5) -> 0 | H63: =sumifs(FORM!$D$2:$D459,FORM!$C$2:$C459,TODAY!$B$10,FORM!$B$2:$B459,H$2,FORM!$A$2:$A459,">"&$B63+0.5,FORM!$A$2:$A459,"<"&$B63+1.5)-sumifs(FORM!$D$2:$D459,FORM!$C$2:$C459,TODAY!$B$9,FORM!$B$2:$B459,H$2,FORM!$A$2:$A459,">"&$B63+0.5,FORM!$A$2:$A459,"<"&$B63+1.5) -> -223 | I63: =sumifs(FORM!$D$2:$D459,FORM!$C$2:$C459,TODAY!$B$10,FORM!$B$2:$B459,I$2,FORM!$A$2:$A459,">"&$B63+0.5,FORM!$A$2:$A459,"<"&$B63+1.5)-sumifs(FORM!$D$2:$D459,FORM!$C$2:$C459,TODAY!$B$9,FORM!$B$2:$B459,I$2,FORM!$A$2:$A459,">"&$B63+0.5,FORM!$A$2:$A459,"<"&$B63+1.5) -> 0 | J63: =sumifs(FORM!$D$2:$D459,FORM!$C$2:$C459,TODAY!$B$10,FORM!$B$2:$B459,J$2,FORM!$A$2:$A459,">"&$B63+0.5,FORM!$A$2:$A459,"<"&$B63+1.5)-sumifs(FORM!$D$2:$D459,FORM!$C$2:$C459,TODAY!$B$9,FORM!$B$2:$B459,J$2,FORM!$A$2:$A459,">"&$B63+0.5,FORM!$A$2:$A459,"<"&$B63+1.5) -> 176 | K63: =sumifs(FORM!$D$2:$D459,FORM!$C$2:$C459,TODAY!$B$10,FORM!$B$2:$B459,K$2,FORM!$A$2:$A459,">"&$B63+0.5,FORM!$A$2:$A459,"<"&$B63+1.5)-sumifs(FORM!$D$2:$D459,FORM!$C$2:$C459,TODAY!$B$9,FORM!$B$2:$B459,K$2,FORM!$A$2:$A459,">"&$B63+0.5,FORM!$A$2:$A459,"<"&$B63+1.5) -> 0 | ... P63: =sumifs(FORM!$D$2:$D459,FORM!$C$2:$C459,TODAY!$B$10,FORM!$B$2:$B459,P$2,FORM!$A$2:$A459,">"&$B63+0.5,FORM!$A$2:$A459,"<"&$B63+1.5)-sumifs(FORM!$D$2:$D459,FORM!$C$2:$C459,TODAY!$B$9,FORM!$B$2:$B459,P$2,FORM!$A$2:$A459,">"&$B63+0.5,FORM!$A$2:$A459,"<"&$B63+1.5) -> 0 | Q63: 0 | R63: 0 | S63: 0 | T63: 0 | U63: =if(or($C63="",U$2=""),"",(sumifs(FORM!$D$2:$D459,FORM!$C$2:$C459,TODAY!$B$10,FORM!$B$2:$B459,U$2,FORM!$A$2:$A459,">"&$B63+0.5,FORM!$A$2:$A459,"<"&$B63+1.5)-sumifs(FORM!$D$2:$D459,FORM!$C$2:$C459,TODAY!$B$9,FORM!$B$2:$B459,U$2,FORM!$A$2:$A459,">"&$B63+0.5,FORM!$A$2:$A459,"<"&$B63+1.5))/$C63) -> 0
B64: 45128 | C64: 10 | D64: =sumifs(FORM!$D$2:$D459,FORM!$C$2:$C459,TODAY!$B$10,FORM!$B$2:$B459,D$2,FORM!$A$2:$A459,">"&$B64+0.5,FORM!$A$2:$A459,"<"&$B64+1.5)-sumifs(FORM!$D$2:$D459,FORM!$C$2:$C459,TODAY!$B$9,FORM!$B$2:$B459,D$2,FORM!$A$2:$A459,">"&$B64+0.5,FORM!$A$2:$A459,"<"&$B64+1.5) -> -89 | E64: =sumifs(FORM!$D$2:$D459,FORM!$C$2:$C459,TODAY!$B$10,FORM!$B$2:$B459,E$2,FORM!$A$2:$A459,">"&$B64+0.5,FORM!$A$2:$A459,"<"&$B64+1.5)-sumifs(FORM!$D$2:$D459,FORM!$C$2:$C459,TODAY!$B$9,FORM!$B$2:$B459,E$2,FORM!$A$2:$A459,">"&$B64+0.5,FORM!$A$2:$A459,"<"&$B64+1.5) -> 154 | F64: =sumifs(FORM!$D$2:$D459,FORM!$C$2:$C459,TODAY!$B$10,FORM!$B$2:$B459,F$2,FORM!$A$2:$A459,">"&$B64+0.5,FORM!$A$2:$A459,"<"&$B64+1.5)-sumifs(FORM!$D$2:$D459,FORM!$C$2:$C459,TODAY!$B$9,FORM!$B$2:$B459,F$2,FORM!$A$2:$A459,">"&$B64+0.5,FORM!$A$2:$A459,"<"&$B64+1.5) -> -251 | G64: =sumifs(FORM!$D$2:$D459,FORM!$C$2:$C459,TODAY!$B$10,FORM!$B$2:$B459,G$2,FORM!$A$2:$A459,">"&$B64+0.5,FORM!$A$2:$A459,"<"&$B64+1.5)-sumifs(FORM!$D$2:$D459,FORM!$C$2:$C459,TODAY!$B$9,FORM!$B$2:$B459,G$2,FORM!$A$2:$A459,">"&$B64+0.5,FORM!$A$2:$A459,"<"&$B64+1.5) -> 0 | H64: =sumifs(FORM!$D$2:$D459,FORM!$C$2:$C459,TODAY!$B$10,FORM!$B$2:$B459,H$2,FORM!$A$2:$A459,">"&$B64+0.5,FORM!$A$2:$A459,"<"&$B64+1.5)-sumifs(FORM!$D$2:$D459,FORM!$C$2:$C459,TODAY!$B$9,FORM!$B$2:$B459,H$2,FORM!$A$2:$A459,">"&$B64+0.5,FORM!$A$2:$A459,"<"&$B64+1.5) -> -24 | I64: =sumifs(FORM!$D$2:$D459,FORM!$C$2:$C459,TODAY!$B$10,FORM!$B$2:$B459,I$2,FORM!$A$2:$A459,">"&$B64+0.5,FORM!$A$2:$A459,"<"&$B64+1.5)-sumifs(FORM!$D$2:$D459,FORM!$C$2:$C459,TODAY!$B$9,FORM!$B$2:$B459,I$2,FORM!$A$2:$A459,">"&$B64+0.5,FORM!$A$2:$A459,"<"&$B64+1.5) -> -20 | J64: =sumifs(FORM!$D$2:$D459,FORM!$C$2:$C459,TODAY!$B$10,FORM!$B$2:$B459,J$2,FORM!$A$2:$A459,">"&$B64+0.5,FORM!$A$2:$A459,"<"&$B64+1.5)-sumifs(FORM!$D$2:$D459,FORM!$C$2:$C459,TODAY!$B$9,FORM!$B$2:$B459,J$2,FORM!$A$2:$A459,">"&$B64+0.5,FORM!$A$2:$A459,"<"&$B64+1.5) -> 0 | K64: =sumifs(FORM!$D$2:$D459,FORM!$C$2:$C459,TODAY!$B$10,FORM!$B$2:$B459,K$2,FORM!$A$2:$A459,">"&$B64+0.5,FORM!$A$2:$A459,"<"&$B64+1.5)-sumifs(FORM!$D$2:$D459,FORM!$C$2:$C459,TODAY!$B$9,FORM!$B$2:$B459,K$2,FORM!$A$2:$A459,">"&$B64+0.5,FORM!$A$2:$A459,"<"&$B64+1.5) -> 0 | ... P64: =sumifs(FORM!$D$2:$D459,FORM!$C$2:$C459,TODAY!$B$10,FORM!$B$2:$B459,P$2,FORM!$A$2:$A459,">"&$B64+0.5,FORM!$A$2:$A459,"<"&$B64+1.5)-sumifs(FORM!$D$2:$D459,FORM!$C$2:$C459,TODAY!$B$9,FORM!$B$2:$B459,P$2,FORM!$A$2:$A459,">"&$B64+0.5,FORM!$A$2:$A459,"<"&$B64+1.5) -> 230 | Q64: 0 | R64: 0 | S64: 0 | T64: 0 | U64: =if(or($C64="",U$2=""),"",(sumifs(FORM!$D$2:$D459,FORM!$C$2:$C459,TODAY!$B$10,FORM!$B$2:$B459,U$2,FORM!$A$2:$A459,">"&$B64+0.5,FORM!$A$2:$A459,"<"&$B64+1.5)-sumifs(FORM!$D$2:$D459,FORM!$C$2:$C459,TODAY!$B$9,FORM!$B$2:$B459,U$2,FORM!$A$2:$A459,">"&$B64+0.5,FORM!$A$2:$A459,"<"&$B64+1.5))/$C64) -> 0
B65: 45129 | C65: 10 | D65: =sumifs(FORM!$D$2:$D459,FORM!$C$2:$C459,TODAY!$B$10,FORM!$B$2:$B459,D$2,FORM!$A$2:$A459,">"&$B65+0.5,FORM!$A$2:$A459,"<"&$B65+1.5)-sumifs(FORM!$D$2:$D459,FORM!$C$2:$C459,TODAY!$B$9,FORM!$B$2:$B459,D$2,FORM!$A$2:$A459,">"&$B65+0.5,FORM!$A$2:$A459,"<"&$B65+1.5) -> 559 | E65: =sumifs(FORM!$D$2:$D459,FORM!$C$2:$C459,TODAY!$B$10,FORM!$B$2:$B459,E$2,FORM!$A$2:$A459,">"&$B65+0.5,FORM!$A$2:$A459,"<"&$B65+1.5)-sumifs(FORM!$D$2:$D459,FORM!$C$2:$C459,TODAY!$B$9,FORM!$B$2:$B459,E$2,FORM!$A$2:$A459,">"&$B65+0.5,FORM!$A$2:$A459,"<"&$B65+1.5) -> -500 | F65: =sumifs(FORM!$D$2:$D459,FORM!$C$2:$C459,TODAY!$B$10,FORM!$B$2:$B459,F$2,FORM!$A$2:$A459,">"&$B65+0.5,FORM!$A$2:$A459,"<"&$B65+1.5)-sumifs(FORM!$D$2:$D459,FORM!$C$2:$C459,TODAY!$B$9,FORM!$B$2:$B459,F$2,FORM!$A$2:$A459,">"&$B65+0.5,FORM!$A$2:$A459,"<"&$B65+1.5) -> -7 | G65: =sumifs(FORM!$D$2:$D459,FORM!$C$2:$C459,TODAY!$B$10,FORM!$B$2:$B459,G$2,FORM!$A$2:$A459,">"&$B65+0.5,FORM!$A$2:$A459,"<"&$B65+1.5)-sumifs(FORM!$D$2:$D459,FORM!$C$2:$C459,TODAY!$B$9,FORM!$B$2:$B459,G$2,FORM!$A$2:$A459,">"&$B65+0.5,FORM!$A$2:$A459,"<"&$B65+1.5) -> 0 | H65: =sumifs(FORM!$D$2:$D459,FORM!$C$2:$C459,TODAY!$B$10,FORM!$B$2:$B459,H$2,FORM!$A$2:$A459,">"&$B65+0.5,FORM!$A$2:$A459,"<"&$B65+1.5)-sumifs(FORM!$D$2:$D459,FORM!$C$2:$C459,TODAY!$B$9,FORM!$B$2:$B459,H$2,FORM!$A$2:$A459,">"&$B65+0.5,FORM!$A$2:$A459,"<"&$B65+1.5) -> -129 | I65: =sumifs(FORM!$D$2:$D459,FORM!$C$2:$C459,TODAY!$B$10,FORM!$B$2:$B459,I$2,FORM!$A$2:$A459,">"&$B65+0.5,FORM!$A$2:$A459,"<"&$B65+1.5)-sumifs(FORM!$D$2:$D459,FORM!$C$2:$C459,TODAY!$B$9,FORM!$B$2:$B459,I$2,FORM!$A$2:$A459,">"&$B65+0.5,FORM!$A$2:$A459,"<"&$B65+1.5) -> 0 | J65: =sumifs(FORM!$D$2:$D459,FORM!$C$2:$C459,TODAY!$B$10,FORM!$B$2:$B459,J$2,FORM!$A$2:$A459,">"&$B65+0.5,FORM!$A$2:$A459,"<"&$B65+1.5)-sumifs(FORM!$D$2:$D459,FORM!$C$2:$C459,TODAY!$B$9,FORM!$B$2:$B459,J$2,FORM!$A$2:$A459,">"&$B65+0.5,FORM!$A$2:$A459,"<"&$B65+1.5) -> 0 | K65: =sumifs(FORM!$D$2:$D459,FORM!$C$2:$C459,TODAY!$B$10,FORM!$B$2:$B459,K$2,FORM!$A$2:$A459,">"&$B65+0.5,FORM!$A$2:$A459,"<"&$B65+1.5)-sumifs(FORM!$D$2:$D459,FORM!$C$2:$C459,TODAY!$B$9,FORM!$B$2:$B459,K$2,FORM!$A$2:$A459,">"&$B65+0.5,FORM!$A$2:$A459,"<"&$B65+1.5) -> 0 | ... P65: =sumifs(FORM!$D$2:$D459,FORM!$C$2:$C459,TODAY!$B$10,FORM!$B$2:$B459,P$2,FORM!$A$2:$A459,">"&$B65+0.5,FORM!$A$2:$A459,"<"&$B65+1.5)-sumifs(FORM!$D$2:$D459,FORM!$C$2:$C459,TODAY!$B$9,FORM!$B$2:$B459,P$2,FORM!$A$2:$A459,">"&$B65+0.5,FORM!$A$2:$A459,"<"&$B65+1.5) -> 77 | Q65: 0 | R65: 0 | S65: 0 | T65: 0 | U65: =if(or($C65="",U$2=""),"",(sumifs(FORM!$D$2:$D459,FORM!$C$2:$C459,TODAY!$B$10,FORM!$B$2:$B459,U$2,FORM!$A$2:$A459,">"&$B65+0.5,FORM!$A$2:$A459,"<"&$B65+1.5)-sumifs(FORM!$D$2:$D459,FORM!$C$2:$C459,TODAY!$B$9,FORM!$B$2:$B459,U$2,FORM!$A$2:$A459,">"&$B65+0.5,FORM!$A$2:$A459,"<"&$B65+1.5))/$C65) -> 0
B66: 45134 | C66: 10 | D66: =sumifs(FORM!$D$2:$D459,FORM!$C$2:$C459,TODAY!$B$10,FORM!$B$2:$B459,D$2,FORM!$A$2:$A459,">"&$B66+0.5,FORM!$A$2:$A459,"<"&$B66+1.5)-sumifs(FORM!$D$2:$D459,FORM!$C$2:$C459,TODAY!$B$9,FORM!$B$2:$B459,D$2,FORM!$A$2:$A459,">"&$B66+0.5,FORM!$A$2:$A459,"<"&$B66+1.5) -> -506 | E66: =sumifs(FORM!$D$2:$D459,FORM!$C$2:$C459,TODAY!$B$10,FORM!$B$2:$B459,E$2,FORM!$A$2:$A459,">"&$B66+0.5,FORM!$A$2:$A459,"<"&$B66+1.5)-sumifs(FORM!$D$2:$D459,FORM!$C$2:$C459,TODAY!$B$9,FORM!$B$2:$B459,E$2,FORM!$A$2:$A459,">"&$B66+0.5,FORM!$A$2:$A459,"<"&$B66+1.5) -> -275 | F66: =sumifs(FORM!$D$2:$D459,FORM!$C$2:$C459,TODAY!$B$10,FORM!$B$2:$B459,F$2,FORM!$A$2:$A459,">"&$B66+0.5,FORM!$A$2:$A459,"<"&$B66+1.5)-sumifs(FORM!$D$2:$D459,FORM!$C$2:$C459,TODAY!$B$9,FORM!$B$2:$B459,F$2,FORM!$A$2:$A459,">"&$B66+0.5,FORM!$A$2:$A459,"<"&$B66+1.5) -> 677 | G66: =sumifs(FORM!$D$2:$D459,FORM!$C$2:$C459,TODAY!$B$10,FORM!$B$2:$B459,G$2,FORM!$A$2:$A459,">"&$B66+0.5,FORM!$A$2:$A459,"<"&$B66+1.5)-sumifs(FORM!$D$2:$D459,FORM!$C$2:$C459,TODAY!$B$9,FORM!$B$2:$B459,G$2,FORM!$A$2:$A459,">"&$B66+0.5,FORM!$A$2:$A459,"<"&$B66+1.5) -> 0 | H66: =sumifs(FORM!$D$2:$D459,FORM!$C$2:$C459,TODAY!$B$10,FORM!$B$2:$B459,H$2,FORM!$A$2:$A459,">"&$B66+0.5,FORM!$A$2:$A459,"<"&$B66+1.5)-sumifs(FORM!$D$2:$D459,FORM!$C$2:$C459,TODAY!$B$9,FORM!$B$2:$B459,H$2,FORM!$A$2:$A459,">"&$B66+0.5,FORM!$A$2:$A459,"<"&$B66+1.5) -> -198 | I66: =sumifs(FORM!$D$2:$D459,FORM!$C$2:$C459,TODAY!$B$10,FORM!$B$2:$B459,I$2,FORM!$A$2:$A459,">"&$B66+0.5,FORM!$A$2:$A459,"<"&$B66+1.5)-sumifs(FORM!$D$2:$D459,FORM!$C$2:$C459,TODAY!$B$9,FORM!$B$2:$B459,I$2,FORM!$A$2:$A459,">"&$B66+0.5,FORM!$A$2:$A459,"<"&$B66+1.5) -> 0 | J66: =sumifs(FORM!$D$2:$D459,FORM!$C$2:$C459,TODAY!$B$10,FORM!$B$2:$B459,J$2,FORM!$A$2:$A459,">"&$B66+0.5,FORM!$A$2:$A459,"<"&$B66+1.5)-sumifs(FORM!$D$2:$D459,FORM!$C$2:$C459,TODAY!$B$9,FORM!$B$2:$B459,J$2,FORM!$A$2:$A459,">"&$B66+0.5,FORM!$A$2:$A459,"<"&$B66+1.5) -> -300 | K66: =sumifs(FORM!$D$2:$D459,FORM!$C$2:$C459,TODAY!$B$10,FORM!$B$2:$B459,K$2,FORM!$A$2:$A459,">"&$B66+0.5,FORM!$A$2:$A459,"<"&$B66+1.5)-sumifs(FORM!$D$2:$D459,FORM!$C$2:$C459,TODAY!$B$9,FORM!$B$2:$B459,K$2,FORM!$A$2:$A459,">"&$B66+0.5,FORM!$A$2:$A459,"<"&$B66+1.5) -> 0 | ... P66: =sumifs(FORM!$D$2:$D459,FORM!$C$2:$C459,TODAY!$B$10,FORM!$B$2:$B459,P$2,FORM!$A$2:$A459,">"&$B66+0.5,FORM!$A$2:$A459,"<"&$B66+1.5)-sumifs(FORM!$D$2:$D459,FORM!$C$2:$C459,TODAY!$B$9,FORM!$B$2:$B459,P$2,FORM!$A$2:$A459,">"&$B66+0.5,FORM!$A$2:$A459,"<"&$B66+1.5) -> 602 | Q66: 0 | R66: 0 | S66: 0 | T66: 0 | U66: =if(or($C66="",U$2=""),"",(sumifs(FORM!$D$2:$D459,FORM!$C$2:$C459,TODAY!$B$10,FORM!$B$2:$B459,U$2,FORM!$A$2:$A459,">"&$B66+0.5,FORM!$A$2:$A459,"<"&$B66+1.5)-sumifs(FORM!$D$2:$D459,FORM!$C$2:$C459,TODAY!$B$9,FORM!$B$2:$B459,U$2,FORM!$A$2:$A459,">"&$B66+0.5,FORM!$A$2:$A459,"<"&$B66+1.5))/$C66) -> 0
B67: 45135 | C67: 10 | D67: =sumifs(FORM!$D$2:$D459,FORM!$C$2:$C459,TODAY!$B$10,FORM!$B$2:$B459,D$2,FORM!$A$2:$A459,">"&$B67+0.5,FORM!$A$2:$A459,"<"&$B67+1.5)-sumifs(FORM!$D$2:$D459,FORM!$C$2:$C459,TODAY!$B$9,FORM!$B$2:$B459,D$2,FORM!$A$2:$A459,">"&$B67+0.5,FORM!$A$2:$A459,"<"&$B67+1.5) -> -25 | E67: =sumifs(FORM!$D$2:$D459,FORM!$C$2:$C459,TODAY!$B$10,FORM!$B$2:$B459,E$2,FORM!$A$2:$A459,">"&$B67+0.5,FORM!$A$2:$A459,"<"&$B67+1.5)-sumifs(FORM!$D$2:$D459,FORM!$C$2:$C459,TODAY!$B$9,FORM!$B$2:$B459,E$2,FORM!$A$2:$A459,">"&$B67+0.5,FORM!$A$2:$A459,"<"&$B67+1.5) -> 104 | F67: =sumifs(FORM!$D$2:$D459,FORM!$C$2:$C459,TODAY!$B$10,FORM!$B$2:$B459,F$2,FORM!$A$2:$A459,">"&$B67+0.5,FORM!$A$2:$A459,"<"&$B67+1.5)-sumifs(FORM!$D$2:$D459,FORM!$C$2:$C459,TODAY!$B$9,FORM!$B$2:$B459,F$2,FORM!$A$2:$A459,">"&$B67+0.5,FORM!$A$2:$A459,"<"&$B67+1.5) -> 30 | G67: =sumifs(FORM!$D$2:$D459,FORM!$C$2:$C459,TODAY!$B$10,FORM!$B$2:$B459,G$2,FORM!$A$2:$A459,">"&$B67+0.5,FORM!$A$2:$A459,"<"&$B67+1.5)-sumifs(FORM!$D$2:$D459,FORM!$C$2:$C459,TODAY!$B$9,FORM!$B$2:$B459,G$2,FORM!$A$2:$A459,">"&$B67+0.5,FORM!$A$2:$A459,"<"&$B67+1.5) -> 0 | H67: =sumifs(FORM!$D$2:$D459,FORM!$C$2:$C459,TODAY!$B$10,FORM!$B$2:$B459,H$2,FORM!$A$2:$A459,">"&$B67+0.5,FORM!$A$2:$A459,"<"&$B67+1.5)-sumifs(FORM!$D$2:$D459,FORM!$C$2:$C459,TODAY!$B$9,FORM!$B$2:$B459,H$2,FORM!$A$2:$A459,">"&$B67+0.5,FORM!$A$2:$A459,"<"&$B67+1.5) -> 432 | I67: =sumifs(FORM!$D$2:$D459,FORM!$C$2:$C459,TODAY!$B$10,FORM!$B$2:$B459,I$2,FORM!$A$2:$A459,">"&$B67+0.5,FORM!$A$2:$A459,"<"&$B67+1.5)-sumifs(FORM!$D$2:$D459,FORM!$C$2:$C459,TODAY!$B$9,FORM!$B$2:$B459,I$2,FORM!$A$2:$A459,">"&$B67+0.5,FORM!$A$2:$A459,"<"&$B67+1.5) -> -241 | J67: =sumifs(FORM!$D$2:$D459,FORM!$C$2:$C459,TODAY!$B$10,FORM!$B$2:$B459,J$2,FORM!$A$2:$A459,">"&$B67+0.5,FORM!$A$2:$A459,"<"&$B67+1.5)-sumifs(FORM!$D$2:$D459,FORM!$C$2:$C459,TODAY!$B$9,FORM!$B$2:$B459,J$2,FORM!$A$2:$A459,">"&$B67+0.5,FORM!$A$2:$A459,"<"&$B67+1.5) -> -300 | K67: =sumifs(FORM!$D$2:$D459,FORM!$C$2:$C459,TODAY!$B$10,FORM!$B$2:$B459,K$2,FORM!$A$2:$A459,">"&$B67+0.5,FORM!$A$2:$A459,"<"&$B67+1.5)-sumifs(FORM!$D$2:$D459,FORM!$C$2:$C459,TODAY!$B$9,FORM!$B$2:$B459,K$2,FORM!$A$2:$A459,">"&$B67+0.5,FORM!$A$2:$A459,"<"&$B67+1.5) -> 0 | ... P67: =sumifs(FORM!$D$2:$D459,FORM!$C$2:$C459,TODAY!$B$10,FORM!$B$2:$B459,P$2,FORM!$A$2:$A459,">"&$B67+0.5,FORM!$A$2:$A459,"<"&$B67+1.5)-sumifs(FORM!$D$2:$D459,FORM!$C$2:$C459,TODAY!$B$9,FORM!$B$2:$B459,P$2,FORM!$A$2:$A459,">"&$B67+0.5,FORM!$A$2:$A459,"<"&$B67+1.5) -> 0 | Q67: 0 | R67: 0 | S67: 0 | T67: 0 | U67: =if(or($C67="",U$2=""),"",(sumifs(FORM!$D$2:$D459,FORM!$C$2:$C459,TODAY!$B$10,FORM!$B$2:$B459,U$2,FORM!$A$2:$A459,">"&$B67+0.5,FORM!$A$2:$A459,"<"&$B67+1.5)-sumifs(FORM!$D$2:$D459,FORM!$C$2:$C459,TODAY!$B$9,FORM!$B$2:$B459,U$2,FORM!$A$2:$A459,">"&$B67+0.5,FORM!$A$2:$A459,"<"&$B67+1.5))/$C67) -> 0
B68: 45136 | C68: 10 | D68: =sumifs(FORM!$D$2:$D459,FORM!$C$2:$C459,TODAY!$B$10,FORM!$B$2:$B459,D$2,FORM!$A$2:$A459,">"&$B68+0.5,FORM!$A$2:$A459,"<"&$B68+1.5)-sumifs(FORM!$D$2:$D459,FORM!$C$2:$C459,TODAY!$B$9,FORM!$B$2:$B459,D$2,FORM!$A$2:$A459,">"&$B68+0.5,FORM!$A$2:$A459,"<"&$B68+1.5) -> -136 | E68: =sumifs(FORM!$D$2:$D459,FORM!$C$2:$C459,TODAY!$B$10,FORM!$B$2:$B459,E$2,FORM!$A$2:$A459,">"&$B68+0.5,FORM!$A$2:$A459,"<"&$B68+1.5)-sumifs(FORM!$D$2:$D459,FORM!$C$2:$C459,TODAY!$B$9,FORM!$B$2:$B459,E$2,FORM!$A$2:$A459,">"&$B68+0.5,FORM!$A$2:$A459,"<"&$B68+1.5) -> -70 | F68: =sumifs(FORM!$D$2:$D459,FORM!$C$2:$C459,TODAY!$B$10,FORM!$B$2:$B459,F$2,FORM!$A$2:$A459,">"&$B68+0.5,FORM!$A$2:$A459,"<"&$B68+1.5)-sumifs(FORM!$D$2:$D459,FORM!$C$2:$C459,TODAY!$B$9,FORM!$B$2:$B459,F$2,FORM!$A$2:$A459,">"&$B68+0.5,FORM!$A$2:$A459,"<"&$B68+1.5) -> 16 | G68: =sumifs(FORM!$D$2:$D459,FORM!$C$2:$C459,TODAY!$B$10,FORM!$B$2:$B459,G$2,FORM!$A$2:$A459,">"&$B68+0.5,FORM!$A$2:$A459,"<"&$B68+1.5)-sumifs(FORM!$D$2:$D459,FORM!$C$2:$C459,TODAY!$B$9,FORM!$B$2:$B459,G$2,FORM!$A$2:$A459,">"&$B68+0.5,FORM!$A$2:$A459,"<"&$B68+1.5) -> 0 | H68: =sumifs(FORM!$D$2:$D459,FORM!$C$2:$C459,TODAY!$B$10,FORM!$B$2:$B459,H$2,FORM!$A$2:$A459,">"&$B68+0.5,FORM!$A$2:$A459,"<"&$B68+1.5)-sumifs(FORM!$D$2:$D459,FORM!$C$2:$C459,TODAY!$B$9,FORM!$B$2:$B459,H$2,FORM!$A$2:$A459,">"&$B68+0.5,FORM!$A$2:$A459,"<"&$B68+1.5) -> 220 | I68: =sumifs(FORM!$D$2:$D459,FORM!$C$2:$C459,TODAY!$B$10,FORM!$B$2:$B459,I$2,FORM!$A$2:$A459,">"&$B68+0.5,FORM!$A$2:$A459,"<"&$B68+1.5)-sumifs(FORM!$D$2:$D459,FORM!$C$2:$C459,TODAY!$B$9,FORM!$B$2:$B459,I$2,FORM!$A$2:$A459,">"&$B68+0.5,FORM!$A$2:$A459,"<"&$B68+1.5) -> 109 | J68: =sumifs(FORM!$D$2:$D459,FORM!$C$2:$C459,TODAY!$B$10,FORM!$B$2:$B459,J$2,FORM!$A$2:$A459,">"&$B68+0.5,FORM!$A$2:$A459,"<"&$B68+1.5)-sumifs(FORM!$D$2:$D459,FORM!$C$2:$C459,TODAY!$B$9,FORM!$B$2:$B459,J$2,FORM!$A$2:$A459,">"&$B68+0.5,FORM!$A$2:$A459,"<"&$B68+1.5) -> 0 | K68: =sumifs(FORM!$D$2:$D459,FORM!$C$2:$C459,TODAY!$B$10,FORM!$B$2:$B459,K$2,FORM!$A$2:$A459,">"&$B68+0.5,FORM!$A$2:$A459,"<"&$B68+1.5)-sumifs(FORM!$D$2:$D459,FORM!$C$2:$C459,TODAY!$B$9,FORM!$B$2:$B459,K$2,FORM!$A$2:$A459,">"&$B68+0.5,FORM!$A$2:$A459,"<"&$B68+1.5) -> 0 | ... P68: =sumifs(FORM!$D$2:$D459,FORM!$C$2:$C459,TODAY!$B$10,FORM!$B$2:$B459,P$2,FORM!$A$2:$A459,">"&$B68+0.5,FORM!$A$2:$A459,"<"&$B68+1.5)-sumifs(FORM!$D$2:$D459,FORM!$C$2:$C459,TODAY!$B$9,FORM!$B$2:$B459,P$2,FORM!$A$2:$A459,">"&$B68+0.5,FORM!$A$2:$A459,"<"&$B68+1.5) -> -139 | Q68: 0 | R68: 0 | S68: 0 | T68: 0 | U68: =if(or($C68="",U$2=""),"",(sumifs(FORM!$D$2:$D459,FORM!$C$2:$C459,TODAY!$B$10,FORM!$B$2:$B459,U$2,FORM!$A$2:$A459,">"&$B68+0.5,FORM!$A$2:$A459,"<"&$B68+1.5)-sumifs(FORM!$D$2:$D459,FORM!$C$2:$C459,TODAY!$B$9,FORM!$B$2:$B459,U$2,FORM!$A$2:$A459,">"&$B68+0.5,FORM!$A$2:$A459,"<"&$B68+1.5))/$C68) -> 0
B69: 45143 | C69: 10 | D69: =sumifs(FORM!$D$2:$D459,FORM!$C$2:$C459,TODAY!$B$10,FORM!$B$2:$B459,D$2,FORM!$A$2:$A459,">"&$B69+0.5,FORM!$A$2:$A459,"<"&$B69+1.5)-sumifs(FORM!$D$2:$D459,FORM!$C$2:$C459,TODAY!$B$9,FORM!$B$2:$B459,D$2,FORM!$A$2:$A459,">"&$B69+0.5,FORM!$A$2:$A459,"<"&$B69+1.5) -> 0 | E69: =sumifs(FORM!$D$2:$D459,FORM!$C$2:$C459,TODAY!$B$10,FORM!$B$2:$B459,E$2,FORM!$A$2:$A459,">"&$B69+0.5,FORM!$A$2:$A459,"<"&$B69+1.5)-sumifs(FORM!$D$2:$D459,FORM!$C$2:$C459,TODAY!$B$9,FORM!$B$2:$B459,E$2,FORM!$A$2:$A459,">"&$B69+0.5,FORM!$A$2:$A459,"<"&$B69+1.5) -> 210 | F69: =sumifs(FORM!$D$2:$D459,FORM!$C$2:$C459,TODAY!$B$10,FORM!$B$2:$B459,F$2,FORM!$A$2:$A459,">"&$B69+0.5,FORM!$A$2:$A459,"<"&$B69+1.5)-sumifs(FORM!$D$2:$D459,FORM!$C$2:$C459,TODAY!$B$9,FORM!$B$2:$B459,F$2,FORM!$A$2:$A459,">"&$B69+0.5,FORM!$A$2:$A459,"<"&$B69+1.5) -> -35 | G69: =sumifs(FORM!$D$2:$D459,FORM!$C$2:$C459,TODAY!$B$10,FORM!$B$2:$B459,G$2,FORM!$A$2:$A459,">"&$B69+0.5,FORM!$A$2:$A459,"<"&$B69+1.5)-sumifs(FORM!$D$2:$D459,FORM!$C$2:$C459,TODAY!$B$9,FORM!$B$2:$B459,G$2,FORM!$A$2:$A459,">"&$B69+0.5,FORM!$A$2:$A459,"<"&$B69+1.5) -> 0 | H69: =sumifs(FORM!$D$2:$D459,FORM!$C$2:$C459,TODAY!$B$10,FORM!$B$2:$B459,H$2,FORM!$A$2:$A459,">"&$B69+0.5,FORM!$A$2:$A459,"<"&$B69+1.5)-sumifs(FORM!$D$2:$D459,FORM!$C$2:$C459,TODAY!$B$9,FORM!$B$2:$B459,H$2,FORM!$A$2:$A459,">"&$B69+0.5,FORM!$A$2:$A459,"<"&$B69+1.5) -> 0 | I69: =sumifs(FORM!$D$2:$D459,FORM!$C$2:$C459,TODAY!$B$10,FORM!$B$2:$B459,I$2,FORM!$A$2:$A459,">"&$B69+0.5,FORM!$A$2:$A459,"<"&$B69+1.5)-sumifs(FORM!$D$2:$D459,FORM!$C$2:$C459,TODAY!$B$9,FORM!$B$2:$B459,I$2,FORM!$A$2:$A459,">"&$B69+0.5,FORM!$A$2:$A459,"<"&$B69+1.5) -> 35 | J69: =sumifs(FORM!$D$2:$D459,FORM!$C$2:$C459,TODAY!$B$10,FORM!$B$2:$B459,J$2,FORM!$A$2:$A459,">"&$B69+0.5,FORM!$A$2:$A459,"<"&$B69+1.5)-sumifs(FORM!$D$2:$D459,FORM!$C$2:$C459,TODAY!$B$9,FORM!$B$2:$B459,J$2,FORM!$A$2:$A459,">"&$B69+0.5,FORM!$A$2:$A459,"<"&$B69+1.5) -> 0 | K69: =sumifs(FORM!$D$2:$D459,FORM!$C$2:$C459,TODAY!$B$10,FORM!$B$2:$B459,K$2,FORM!$A$2:$A459,">"&$B69+0.5,FORM!$A$2:$A459,"<"&$B69+1.5)-sumifs(FORM!$D$2:$D459,FORM!$C$2:$C459,TODAY!$B$9,FORM!$B$2:$B459,K$2,FORM!$A$2:$A459,">"&$B69+0.5,FORM!$A$2:$A459,"<"&$B69+1.5) -> 0 | ... P69: =sumifs(FORM!$D$2:$D459,FORM!$C$2:$C459,TODAY!$B$10,FORM!$B$2:$B459,P$2,FORM!$A$2:$A459,">"&$B69+0.5,FORM!$A$2:$A459,"<"&$B69+1.5)-sumifs(FORM!$D$2:$D459,FORM!$C$2:$C459,TODAY!$B$9,FORM!$B$2:$B459,P$2,FORM!$A$2:$A459,">"&$B69+0.5,FORM!$A$2:$A459,"<"&$B69+1.5) -> -210 | Q69: 0 | R69: 0 | S69: 0 | T69: 0 | U69: =if(or($C69="",U$2=""),"",(sumifs(FORM!$D$2:$D459,FORM!$C$2:$C459,TODAY!$B$10,FORM!$B$2:$B459,U$2,FORM!$A$2:$A459,">"&$B69+0.5,FORM!$A$2:$A459,"<"&$B69+1.5)-sumifs(FORM!$D$2:$D459,FORM!$C$2:$C459,TODAY!$B$9,FORM!$B$2:$B459,U$2,FORM!$A$2:$A459,">"&$B69+0.5,FORM!$A$2:$A459,"<"&$B69+1.5))/$C69) -> 0
B70: 45150 | C70: 10 | D70: =sumifs(FORM!$D$2:$D459,FORM!$C$2:$C459,TODAY!$B$10,FORM!$B$2:$B459,D$2,FORM!$A$2:$A459,">"&$B70+0.5,FORM!$A$2:$A459,"<"&$B70+1.5)-sumifs(FORM!$D$2:$D459,FORM!$C$2:$C459,TODAY!$B$9,FORM!$B$2:$B459,D$2,FORM!$A$2:$A459,">"&$B70+0.5,FORM!$A$2:$A459,"<"&$B70+1.5) -> -170 | E70: =sumifs(FORM!$D$2:$D459,FORM!$C$2:$C459,TODAY!$B$10,FORM!$B$2:$B459,E$2,FORM!$A$2:$A459,">"&$B70+0.5,FORM!$A$2:$A459,"<"&$B70+1.5)-sumifs(FORM!$D$2:$D459,FORM!$C$2:$C459,TODAY!$B$9,FORM!$B$2:$B459,E$2,FORM!$A$2:$A459,">"&$B70+0.5,FORM!$A$2:$A459,"<"&$B70+1.5) -> 180 | F70: =sumifs(FORM!$D$2:$D459,FORM!$C$2:$C459,TODAY!$B$10,FORM!$B$2:$B459,F$2,FORM!$A$2:$A459,">"&$B70+0.5,FORM!$A$2:$A459,"<"&$B70+1.5)-sumifs(FORM!$D$2:$D459,FORM!$C$2:$C459,TODAY!$B$9,FORM!$B$2:$B459,F$2,FORM!$A$2:$A459,">"&$B70+0.5,FORM!$A$2:$A459,"<"&$B70+1.5) -> 157 | G70: =sumifs(FORM!$D$2:$D459,FORM!$C$2:$C459,TODAY!$B$10,FORM!$B$2:$B459,G$2,FORM!$A$2:$A459,">"&$B70+0.5,FORM!$A$2:$A459,"<"&$B70+1.5)-sumifs(FORM!$D$2:$D459,FORM!$C$2:$C459,TODAY!$B$9,FORM!$B$2:$B459,G$2,FORM!$A$2:$A459,">"&$B70+0.5,FORM!$A$2:$A459,"<"&$B70+1.5) -> 0 | H70: =sumifs(FORM!$D$2:$D459,FORM!$C$2:$C459,TODAY!$B$10,FORM!$B$2:$B459,H$2,FORM!$A$2:$A459,">"&$B70+0.5,FORM!$A$2:$A459,"<"&$B70+1.5)-sumifs(FORM!$D$2:$D459,FORM!$C$2:$C459,TODAY!$B$9,FORM!$B$2:$B459,H$2,FORM!$A$2:$A459,">"&$B70+0.5,FORM!$A$2:$A459,"<"&$B70+1.5) -> -78 | I70: =sumifs(FORM!$D$2:$D459,FORM!$C$2:$C459,TODAY!$B$10,FORM!$B$2:$B459,I$2,FORM!$A$2:$A459,">"&$B70+0.5,FORM!$A$2:$A459,"<"&$B70+1.5)-sumifs(FORM!$D$2:$D459,FORM!$C$2:$C459,TODAY!$B$9,FORM!$B$2:$B459,I$2,FORM!$A$2:$A459,">"&$B70+0.5,FORM!$A$2:$A459,"<"&$B70+1.5) -> -72 | J70: =sumifs(FORM!$D$2:$D459,FORM!$C$2:$C459,TODAY!$B$10,FORM!$B$2:$B459,J$2,FORM!$A$2:$A459,">"&$B70+0.5,FORM!$A$2:$A459,"<"&$B70+1.5)-sumifs(FORM!$D$2:$D459,FORM!$C$2:$C459,TODAY!$B$9,FORM!$B$2:$B459,J$2,FORM!$A$2:$A459,">"&$B70+0.5,FORM!$A$2:$A459,"<"&$B70+1.5) -> -17 | K70: =sumifs(FORM!$D$2:$D459,FORM!$C$2:$C459,TODAY!$B$10,FORM!$B$2:$B459,K$2,FORM!$A$2:$A459,">"&$B70+0.5,FORM!$A$2:$A459,"<"&$B70+1.5)-sumifs(FORM!$D$2:$D459,FORM!$C$2:$C459,TODAY!$B$9,FORM!$B$2:$B459,K$2,FORM!$A$2:$A459,">"&$B70+0.5,FORM!$A$2:$A459,"<"&$B70+1.5) -> 0 | ... P70: =sumifs(FORM!$D$2:$D459,FORM!$C$2:$C459,TODAY!$B$10,FORM!$B$2:$B459,P$2,FORM!$A$2:$A459,">"&$B70+0.5,FORM!$A$2:$A459,"<"&$B70+1.5)-sumifs(FORM!$D$2:$D459,FORM!$C$2:$C459,TODAY!$B$9,FORM!$B$2:$B459,P$2,FORM!$A$2:$A459,">"&$B70+0.5,FORM!$A$2:$A459,"<"&$B70+1.5) -> 0 | Q70: 0 | R70: 0 | S70: 0 | T70: 0 | U70: =if(or($C70="",U$2=""),"",(sumifs(FORM!$D$2:$D459,FORM!$C$2:$C459,TODAY!$B$10,FORM!$B$2:$B459,U$2,FORM!$A$2:$A459,">"&$B70+0.5,FORM!$A$2:$A459,"<"&$B70+1.5)-sumifs(FORM!$D$2:$D459,FORM!$C$2:$C459,TODAY!$B$9,FORM!$B$2:$B459,U$2,FORM!$A$2:$A459,">"&$B70+0.5,FORM!$A$2:$A459,"<"&$B70+1.5))/$C70) -> 0
